C0000001	Ictus_isquemico	accidente cerebrovascular
C0000001	Ictus_isquemico	AVC
C0000001	Ictus_isquemico	Avc
C0000001	Ictus_isquemico	Avc isquemic
C0000001	Ictus_isquemico	ECVA isquémica
C0000001	Ictus_isquemico	ECVA ISQUÉMICA
C0000001	Ictus_isquemico	ECVA ISQUÉMICA: INFARTO
C0000001	Ictus_isquemico	ECVA: INFARTOS ISQUÉMICOS
C0000001	Ictus_isquemico	ictus
C0000001	Ictus_isquemico	ICTUS ISQUÉMIC
C0000001	Ictus_isquemico	Ictus isquémico
C0000001	Ictus_isquemico	ictus isquémico
C0000001	Ictus_isquemico	ictus isquémico con transformación hemorrágica
C0000001	Ictus_isquemico	Infart
C0000001	Ictus_isquemico	Infart isquèmic
C0000001	Ictus_isquemico	Infarto
C0000001	Ictus_isquemico	INFARTO
C0000001	Ictus_isquemico	infarto cerebral
C0000001	Ictus_isquemico	infarto isquémico
C0000001	Ictus_isquemico	Infarto isquémico
C0000001	Ictus_isquemico	Infarto isquémico agudo
C0000001	Ictus_isquemico	Infartos
C0000001	Ictus_isquemico	Infartos isquémicos
C0000001	Ictus_isquemico	sufusión hemorrágica
C0000001	Ictus_isquemico	transformació hemorrágica
C0000001	Ictus_isquemico	Transformacióhemorrágica
C0000001	Ictus_isquemico	transformación hemorrágica
C0000002	Ataque_isquemico_transitorio	ACCIDENTE TRANSITORI ISQUÉMICO.
C0000002	Ataque_isquemico_transitorio	AIT
C0000002	Ataque_isquemico_transitorio	ataque isquémico transitorio
C0000002	Ataque_isquemico_transitorio	ICTUS MINOR
C0000002	Ataque_isquemico_transitorio	Infarto clínicamente regresivo
C0000002	Ataque_isquemico_transitorio	Síndrome sensitivo-motor regresivo
C0000002	Ataque_isquemico_transitorio	TIA
C0000003	Hemorragia_cerebral	AVC HEMORRAGIC
C0000003	Hemorragia_cerebral	AVC HEMORRÀGIC
C0000003	Hemorragia_cerebral	hematoma
C0000003	Hemorragia_cerebral	Hematoma
C0000003	Hemorragia_cerebral	HEMATOMA
C0000003	Hemorragia_cerebral	hematoma cerebral
C0000003	Hemorragia_cerebral	Hemorragia
C0000003	Hemorragia_cerebral	HEMORRAGIA
C0000003	Hemorragia_cerebral	hemorragia cerebral
C0000003	Hemorragia_cerebral	hemorragia intracerebral
C0000003	Hemorragia_cerebral	HEMORRAGIA PARENQUIMATOSA CEREBRAL MASIVA
C0000003	Hemorragia_cerebral	ictus hemorrágico
C0000004	Trombolisis_intravenosa	ECAS IV
C0000004	Trombolisis_intravenosa	fibrinolisis
C0000004	Trombolisis_intravenosa	fibrinolisis endovenosa
C0000004	Trombolisis_intravenosa	fibrinolisis iv
C0000004	Trombolisis_intravenosa	fibrinólisis sistémica con rtPA ev
C0000004	Trombolisis_intravenosa	fibrinolítico
C0000004	Trombolisis_intravenosa	fibrinolótico
C0000004	Trombolisis_intravenosa	rtPA
C0000004	Trombolisis_intravenosa	tPAev
C0000004	Trombolisis_intravenosa	tractat amb firbinolisi
C0000004	Trombolisis_intravenosa	tratamiento con alteplasa
C0000004	Trombolisis_intravenosa	Tratamiento con RTPA
C0000004	Trombolisis_intravenosa	tratamiento fibrinolítico
C0000004	Trombolisis_intravenosa	tratamiento trombolítico
C0000004	Trombolisis_intravenosa	trombolisis
C0000004	Trombolisis_intravenosa	trombólisis intravenosa
C0000005	Trombectomia_mecanica	TEV
C0000005	Trombectomia_mecanica	tratamiento endovascular
C0000005	Trombectomia_mecanica	trombectomía
C0000005	Trombectomia_mecanica	trombectomía mecánica
C0000005	Trombectomia_mecanica	Trombectomíaendovascular
C0000005	Trombectomia_mecanica	Trombectomiamecànica
C0000006	Trombolisis_intraarterial	trombólisis ia
C0000006	Trombolisis_intraarterial	trombólisis intraarterial
C0000007	Test_de_disfagia	test de deglución
C0000007	Test_de_disfagia	test de disfagia
C0000010	ASPECTS	ASPECTS (de 1 a 10): 10
C0000010	ASPECTS	ASPECTS 0
C0000010	ASPECTS	ASPECTS 10
C0000010	ASPECTS	ASPECTS 6
C0000010	ASPECTS	ASPECTS score 0
C0000010	ASPECTS	ASPECTS=10
C0000010	ASPECTS	escala ASPECTS 0
C0000011	mRankin_previa	Escala de Rankin modificada 0
C0000011	mRankin_previa	mRankin 0
C0000011	mRankin_previa	mRS 0
C0000011	mRankin_previa	MRS 0
C0000011	mRankin_previa	mRs 0
C0000011	mRankin_previa	mRS 1-2
C0000011	mRankin_previa	mRS: 0
C0000011	mRankin_previa	mRs:3
C0000011	mRankin_previa	mRS=0
C0000011	mRankin_previa	mRs=0
C0000011	mRankin_previa	mRS=1
C0000011	mRankin_previa	mRS=2
C0000011	mRankin_previa	mRs=2
C0000011	mRankin_previa	mRS=3
C0000011	mRankin_previa	mRs=3
C0000011	mRankin_previa	mRS=4
C0000011	mRankin_previa	mRs=4
C0000011	mRankin_previa	mRS=5
C0000011	mRankin_previa	mRs0
C0000011	mRankin_previa	mRS1
C0000011	mRankin_previa	mRS2
C0000011	mRankin_previa	Rankin 0
C0000011	mRankin_previa	Rankin:5
C0000011	mRankin_previa	Rankin=0
C0000011	mRankin_previa	Rankin0
C0000012	mRankin_alta	Escala de Rankin modificada 0
C0000012	mRankin_alta	mRankin 0
C0000012	mRankin_alta	mRS 0
C0000012	mRankin_alta	MRS 0
C0000012	mRankin_alta	mRs 0
C0000012	mRankin_alta	mRS 1-2
C0000012	mRankin_alta	mRS: 0
C0000012	mRankin_alta	mRs:3
C0000012	mRankin_alta	mRS=0
C0000012	mRankin_alta	mRs=0
C0000012	mRankin_alta	mRS=1
C0000012	mRankin_alta	mRS=2
C0000012	mRankin_alta	mRs=2
C0000012	mRankin_alta	mRS=3
C0000012	mRankin_alta	mRs=3
C0000012	mRankin_alta	mRS=4
C0000012	mRankin_alta	mRs=4
C0000012	mRankin_alta	mRS=5
C0000012	mRankin_alta	mRs0
C0000012	mRankin_alta	mRS1
C0000012	mRankin_alta	mRS2
C0000012	mRankin_alta	Rankin 0
C0000012	mRankin_alta	Rankin:5
C0000012	mRankin_alta	Rankin=0
C0000012	mRankin_alta	Rankin0
C0000013	NIHSS_previa	Escala NIHSS 0
C0000013	NIHSS_previa	NHISS 7
C0000013	NIHSS_previa	NIH 0
C0000013	NIHSS_previa	NIH 4
C0000013	NIHSS_previa	NIH 4)
C0000013	NIHSS_previa	NIH 8
C0000013	NIHSS_previa	NIH 9
C0000013	NIHSS_previa	NIH: 0
C0000013	NIHSS_previa	NIH: 10
C0000013	NIHSS_previa	NIH: 7
C0000013	NIHSS_previa	NIH:1
C0000013	NIHSS_previa	NIH:12
C0000013	NIHSS_previa	NIH:16
C0000013	NIHSS_previa	NIH:3
C0000013	NIHSS_previa	NIH:6
C0000013	NIHSS_previa	NIH:8
C0000013	NIHSS_previa	NIHSS 0
C0000013	NIHSS_previa	NIHSS de 1
C0000013	NIHSS_previa	NIHSS: 0-0-0-0- 0/0-0-0-0-0/0-0-0-1-0= 1
C0000013	NIHSS_previa	NIHSS=0
C0000013	NIHSS_previa	NIHSS=17
C0000013	NIHSS_previa	NIHSS=4
C0000013	NIHSS_previa	NISHSS=5
C0000013	NIHSS_previa	NISSH 14
C0000013	NIHSS_previa	PUNTUACION TOTAL NIH:19
C0000013	NIHSS_previa	PUNTUACION TOTAL NIH:6
C0000014	NIHSS_alta	Escala NIHSS 0
C0000014	NIHSS_alta	NHISS 7
C0000014	NIHSS_alta	NIH 0
C0000014	NIHSS_alta	NIH 4
C0000014	NIHSS_alta	NIH 4)
C0000014	NIHSS_alta	NIH 8
C0000014	NIHSS_alta	NIH 9
C0000014	NIHSS_alta	NIH: 0
C0000014	NIHSS_alta	NIH: 10
C0000014	NIHSS_alta	NIH: 7
C0000014	NIHSS_alta	NIH:1
C0000014	NIHSS_alta	NIH:12
C0000014	NIHSS_alta	NIH:16
C0000014	NIHSS_alta	NIH:3
C0000014	NIHSS_alta	NIH:6
C0000014	NIHSS_alta	NIH:8
C0000014	NIHSS_alta	NIHSS 0
C0000014	NIHSS_alta	NIHSS de 1
C0000014	NIHSS_alta	NIHSS: 0-0-0-0- 0/0-0-0-0-0/0-0-0-1-0= 1
C0000014	NIHSS_alta	NIHSS=0
C0000014	NIHSS_alta	NIHSS=17
C0000014	NIHSS_alta	NIHSS=4
C0000014	NIHSS_alta	NISHSS=5
C0000014	NIHSS_alta	NISSH 14
C0000014	NIHSS_alta	PUNTUACION TOTAL NIH:19
C0000014	NIHSS_alta	PUNTUACION TOTAL NIH:6
C0000015	TAC_craneal	AgioTAC
C0000015	TAC_craneal	TA C crani al
C0000015	TAC_craneal	TAC
C0000015	TAC_craneal	TAC cerebral
C0000015	TAC_craneal	TAC craneal
C0000015	TAC_craneal	Tac de cráneo
C0000015	TAC_craneal	TC
C0000015	TAC_craneal	TC craneal
C0000015	TAC_craneal	Tc craneal
C0000015	TAC_craneal	TC cranial
C0000015	TAC_craneal	Tc cranial
C0000015	TAC_craneal	TC de cráneo
C1000001	SECCION_ANTECEDENTES	ANTECEDENT
C1000001	SECCION_ANTECEDENTES	ANTECEDENTE
C1000001	SECCION_ANTECEDENTES	ANTECEDENTES
C1000001	SECCION_ANTECEDENTES	ANTECEDENTES E HISTORIA PREVIA
C1000001	SECCION_ANTECEDENTES	ANTECEDENTS
C1000001	SECCION_ANTECEDENTES	ANTECEDENTS I HISTÒRIA PRÈVIA
C1000001	SECCION_ANTECEDENTES_FAMILIARES	ANTECEDENT FAMILIAR
C1000002	SECCION_ANTECEDENTES_FAMILIARES	ANTECEDENTE FAMILIAR
C1000002	SECCION_ANTECEDENTES_FAMILIARES	ANTECEDENTES FAMILIARES
C1000002	SECCION_ANTECEDENTES_FAMILIARES	ANTECEDENTS FAMILIARS
C1000003	SECCION_ANTECEDENTES_PATOLOGICOS	ANETECEDENTES MÉDICOS
C1000003	SECCION_ANTECEDENTES_PATOLOGICOS	ANTECEDENT PATOLÒGIC
C1000003	SECCION_ANTECEDENTES_PATOLOGICOS	ANTECEDENTE PATOLÓGICO
C1000003	SECCION_ANTECEDENTES_PATOLOGICOS	ANTECEDENTES MÉDICOS
C1000003	SECCION_ANTECEDENTES_PATOLOGICOS	ANTECEDENTES PATOLOGICOS
C1000003	SECCION_ANTECEDENTES_PATOLOGICOS	ANTECEDENTES PATOLÓGICOS
C1000003	SECCION_ANTECEDENTES_PATOLOGICOS	ANTECEDENTES PATOLÒGICOS
C1000003	SECCION_ANTECEDENTES_PATOLOGICOS	ANTECEDENTS PATOLÒGICS
C1000003	SECCION_ANTECEDENTES_PATOLOGICOS	ANTECEDETNES MÉDICOS
C1000003	SECCION_ANTECEDENTES_PATOLOGICOS	DENTES PATOL
C1000003	SECCION_ANTECEDENTES_PATOLOGICOS	HISTORIAL MÈDIC
C1000003	SECCION_ANTECEDENTES_PATOLOGICOS	HISTORIAL MEDICO
C1000003	SECCION_ANTECEDENTES_PATOLOGICOS	MALALTIES PRÈVIES
C1000003	SECCION_ANTECEDENTES_PATOLOGICOS	PATOLÓGICOS
C1000004	SECCION_ANTECEDENTES_PERSONALES	ANTECEDENT PERSONAL
C1000004	SECCION_ANTECEDENTES_PERSONALES	ANTECEDENTE PERSONAL
C1000004	SECCION_ANTECEDENTES_PERSONALES	ANTECEDENTES PEROSNALES
C1000004	SECCION_ANTECEDENTES_PERSONALES	ANTECEDENTES PERSONALES
C1000004	SECCION_ANTECEDENTES_PERSONALES	ANTECEDENTS PERSONALS
C1000004	SECCION_ANTECEDENTES_PERSONALES	PERSONALES
C1000005	SECCION_ANTECEDENTES_QUIRURGICOS	ALTRES ANTECEDENTS QUIRÚRGICS
C1000005	SECCION_ANTECEDENTES_QUIRURGICOS	ANTECEDENT QUIRÚRGIC
C1000005	SECCION_ANTECEDENTES_QUIRURGICOS	ANTECEDENTE QUIRÚRGICO
C1000005	SECCION_ANTECEDENTES_QUIRURGICOS	ANTECEDENTES MÉDICO-QUIRÚRGICOS
C1000005	SECCION_ANTECEDENTES_QUIRURGICOS	ANTECEDENTES QUIRÚRGICO
C1000005	SECCION_ANTECEDENTES_QUIRURGICOS	ANTECEDENTS QUIRÚRGICS
C1000005	SECCION_ANTECEDENTES_QUIRURGICOS	INTERVENCIONES QUIRRUGICAS
C1000005	SECCION_ANTECEDENTES_QUIRURGICOS	INTERVENCIONES QUIRÚRGICAS PREVIAS
C1000005	SECCION_ANTECEDENTES_QUIRURGICOS	INTERVENVIONES QUIRÚRGIC
C1000005	SECCION_ANTECEDENTES_QUIRURGICOS	IQ
C1000005	SECCION_ANTECEDENTES_QUIRURGICOS	IQX
C1000005	SECCION_ANTECEDENTES_QUIRURGICOS	QUIRÚRGICOS
C1000005	SECCION_ANTECEDENTES_QUIRURGICOS	QX
C1000005	SECCION_ANTECEDENTES_QUIRURGICOS	II.QQ
C1000006	SECCION_SITUACION_FUNCIONAL	ESTADO BASAL
C1000006	SECCION_SITUACION_FUNCIONAL	VALORACIÓN GERIÁ TRICA INTEGRA
C1000006	SECCION_SITUACION_FUNCIONAL	ANTECEDENTS SOCIALS
C1000006	SECCION_SITUACION_FUNCIONAL	SIITUACION BASAL Y SOCIO-FUNCIONAL
C1000006	SECCION_SITUACION_FUNCIONAL	SÍNDROMES GERIÀTRIQUES PRÈVIES: SÍNDROMES AGUDES
C1000006	SECCION_SITUACION_FUNCIONAL	SITUACIÓ BASAL
C1000006	SECCION_SITUACION_FUNCIONAL	SITUACIÓ BASAL PRÈVIA
C1000006	SECCION_SITUACION_FUNCIONAL	SITUACIO FUNCIONAL
C1000006	SECCION_SITUACION_FUNCIONAL	SITUACIÓ FUNCIONAL
C1000006	SECCION_SITUACION_FUNCIONAL	SITUACIÓ FUNCIONAL BASAL
C1000006	SECCION_SITUACION_FUNCIONAL	SITUACIÓ FUNCIONAL PRÈVIA
C1000006	SECCION_SITUACION_FUNCIONAL	SITUACIÓ SOCIAL
C1000006	SECCION_SITUACION_FUNCIONAL	SITUACIÓ SOCIOBASA
C1000006	SECCION_SITUACION_FUNCIONAL	SITUACIÓN BASAL
C1000006	SECCION_SITUACION_FUNCIONAL	SITUACION FUNCIONAL
C1000006	SECCION_SITUACION_FUNCIONAL	SITUACIÓN FUNCIONAL BASAL
C1000006	SECCION_SITUACION_FUNCIONAL	SITUACIÓN FUNCIONAL PREVIA
C1000006	SECCION_SITUACION_FUNCIONAL	SITUACIÓN SOCIAL
C1000006	SECCION_SITUACION_FUNCIONAL	SITUACIÓN SOCIOFUNCIONA
C1000006	SECCION_SITUACION_FUNCIONAL	SITUACIÓN SOCIOFUNCIONAL
C1000006	SECCION_SITUACION_FUNCIONAL	SITUACIÓN SOCIONFUNCIONAL
C1000006	SECCION_SITUACION_FUNCIONAL	SOCIOFUNCIONA
C1000006	SECCION_SITUACION_FUNCIONAL	SOCIOFUNCIONAL
C1000006	SECCION_SITUACION_FUNCIONAL	SSF
C1000006	SECCION_SITUACION_FUNCIONAL	VALORACIÓN SOCIO-FUNCIONAL
C1000007	SECCION_DESTINO_AL_ALTA	DESTÍ D'ALTA
C1000007	SECCION_DESTINO_AL_ALTA	DESTINACIÓ
C1000007	SECCION_DESTINO_AL_ALTA	DESTINACIÓ A L'ALTA
C1000007	SECCION_DESTINO_AL_ALTA	DESTINACIÓ_AL_ALTA
C1000007	SECCION_DESTINO_AL_ALTA	DESTINO AL ALTA
C1000007	SECCION_DESTINO_AL_ALTA	DESTINO_AL_ALTA
C1000008	SECCION_DIAGNOSTICO_PRINCIPAL	DIAGNÒSTIC PRINCIPAL
C1000008	SECCION_DIAGNOSTICO_PRINCIPAL	DIAGNÓSTICO
C1000008	SECCION_DIAGNOSTICO_PRINCIPAL	DIAGNOSTICO PRINCIPAL
C1000008	SECCION_DIAGNOSTICO_PRINCIPAL	DIAGNÓSTICO PRINCIPAL
C1000008	SECCION_DIAGNOSTICO_PRINCIPAL	DIAGNÓSTICOS PRIINCIPALES
C1000008	SECCION_DIAGNOSTICO_PRINCIPAL	DIAGNÓSTICOS PRINCIPALES
C1000008	SECCION_DIAGNOSTICO_PRINCIPAL	DIAGNÒSTICS PRINCIPALS
C1000008	SECCION_DIAGNOSTICO_PRINCIPAL	PRIMER DIAGNÒSTIC
C1000008	SECCION_DIAGNOSTICO_PRINCIPAL	PRIMER DIAGNÓSTICO
C1000009	SECCION_DIAGNOSTICOS	DIAG.
C1000009	SECCION_DIAGNOSTICOS	DIAGNÒSTIC
C1000009	SECCION_DIAGNOSTICOS	DIAGNÒSTIC ALTA
C1000009	SECCION_DIAGNOSTICOS	DIAGNOSTIC PRINCIPAL
C1000009	SECCION_DIAGNOSTICOS	DIAGNÓSTICO/PLAN
C1000009	SECCION_DIAGNOSTICOS	DIAGNOSTICOS
C1000009	SECCION_DIAGNOSTICOS	DIAGNÓSTICOS
C1000009	SECCION_DIAGNOSTICOS	DIAGNÓSTICOS CLÍNICOS
C1000009	SECCION_DIAGNOSTICOS	DIAGNÓSTICOS DEL INGRESO
C1000009	SECCION_DIAGNOSTICOS	DIAGNOSTICS
C1000009	SECCION_DIAGNOSTICOS	DIAGNÒSTICS
C1000009	SECCION_DIAGNOSTICOS	DIAGNÒSTICS CLÍNICS
C1000009	SECCION_DIAGNOSTICOS	DISGNÒSTICS DE L'INGRÉS
C1000009	SECCION_DIAGNOSTICOS	IMPRESIÓN DIAGNÓSTICA
C1000009	SECCION_DIAGNOSTICOS	IMPRESSIÓ DIAGNÒSTICA
C1000009	SECCION_DIAGNOSTICOS	JUICIO CLÍNICO
C1000009	SECCION_DIAGNOSTICOS	ORIENTACIÓ DIAGNÒSTICA
C1000009	SECCION_DIAGNOSTICOS	ORIENTACIÓ DIAGNÒSTICA GLOBAL
C1000009	SECCION_DIAGNOSTICOS	ORIENTACIÓN DIAGNÓSTICA
C1000009	SECCION_DIAGNOSTICOS	ORIENTACIÓN DIAGNÓSTICA GLOBAL
C1000009	SECCION_DIAGNOSTICOS	ORIENTACIÓN DIAGNÓSTICA Y PLAN
C1000009	SECCION_DIAGNOSTICOS	VALORACIÓ DIAGNÒSTICA
C1000009	SECCION_DIAGNOSTICOS	VALORACIÓN DIAGNÓSTICA
C1000010	SECCION_EVOLUCION	EVOLUCIÓ
C1000010	SECCION_EVOLUCION	EVOLUCIÓ CLÍNICA
C1000010	SECCION_EVOLUCION	EVOLUCIÓ HOSPILÀRIA
C1000010	SECCION_EVOLUCION	EVOLUCIÓ I COMENTARIS
C1000010	SECCION_EVOLUCION	EVOLUCIÓ POSTERIOR
C1000010	SECCION_EVOLUCION	EVOLUCION
C1000010	SECCION_EVOLUCION	EVOLUCIÓN
C1000010	SECCION_EVOLUCION	EVOLUCIÓN CLÍNICA
C1000010	SECCION_EVOLUCION	EVOLUCIÓN FUNCIONAL
C1000010	SECCION_EVOLUCION	EVOLUCIÓN HOSPITALARIA
C1000010	SECCION_EVOLUCION	EVOLUCIÓN POSTERIOR
C1000010	SECCION_EVOLUCION	EVOLUTIVA
C1000011	SECCION_EXPLORACION_FISICA	EFCXPL90OBRPAMCIÓ FÍSICA
C1000011	SECCION_EXPLORACION_FISICA	EXPLORACIÓ
C1000011	SECCION_EXPLORACION_FISICA	EXPLORACIÓ ACTUAL
C1000011	SECCION_EXPLORACION_FISICA	EXPLORACIÓ FÍSICA
C1000011	SECCION_EXPLORACION_FISICA	EXPLORACIÓ FÍSICA ACTUAL
C1000011	SECCION_EXPLORACION_FISICA	EXPLORACIÓ NEUROLÒGICA
C1000011	SECCION_EXPLORACION_FISICA	EXPLORACIÓ NEUROLÒGICA ACTUAL
C1000011	SECCION_EXPLORACION_FISICA	EXPLORACIÓN
C1000011	SECCION_EXPLORACION_FISICA	EXPLORACIÓN ACTUAL
C1000011	SECCION_EXPLORACION_FISICA	EXPLORACION FISICA
C1000011	SECCION_EXPLORACION_FISICA	EXPLORACIÓN FÍSICA
C1000011	SECCION_EXPLORACION_FISICA	EXPLORACIÓN FÍSICA ACTUAL
C1000011	SECCION_EXPLORACION_FISICA	EXPLORACIÓN NEUROLÓGICA
C1000011	SECCION_EXPLORACION_FISICA	EXPLORACIÓN NEUROLÓGICA ACTUAL
C1000012	SECCION_EXPLORACION_FISICA_AL_ALTA	AL ALTA
C1000012	SECCION_EXPLORACION_FISICA_AL_ALTA	EN SALA DE NEUROLOGÍA Y AL ALTA
C1000012	SECCION_EXPLORACION_FISICA_AL_ALTA	ENRL AL ALTA
C1000012	SECCION_EXPLORACION_FISICA_AL_ALTA	EXPLORACIÓN AL ALTA
C1000012	SECCION_EXPLORACION_FISICA_AL_ALTA	EXPLORACIÓN AL ALTA MÉDICA
C1000012	SECCION_EXPLORACION_FISICA_AL_ALTA	EXPLORACIÓN AL MOMENTO DEL ALTA
C1000012	SECCION_EXPLORACION_FISICA_AL_ALTA	EXPLORACIÓN AL MOMENTO DEL ALTA MÉDICA
C1000012	SECCION_EXPLORACION_FISICA_AL_ALTA	EXPLORACIÓN FÍSICA AL ALTA
C1000012	SECCION_EXPLORACION_FISICA_AL_ALTA	EXPLORACIÓN FÍSICA AL ALTA MÉDICA
C1000012	SECCION_EXPLORACION_FISICA_AL_ALTA	EXPLORACIÓN FÍSICA AL MOMENTO DEL ALTA
C1000012	SECCION_EXPLORACION_FISICA_AL_ALTA	EXPLORACIÓN FÍSICA AL MOMENTO DEL ALTA MÉDICA
C1000012	SECCION_EXPLORACION_FISICA_AL_ALTA	EXPLORACIÓN NEUROLÓGICA AL ALTA
C1000012	SECCION_EXPLORACION_FISICA_AL_ALTA	EXPLORACIÓ NEUROLÒGICA AL ALTA DE LA UIA
C1000012	SECCION_EXPLORACION_FISICA_AL_ALTA	EXPLORACIÓN NEUROLÓGICA AL MOMENTO DEL ALTA
C1000012	SECCION_EXPLORACION_FISICA_AL_ALTA	EXPLORACIÓN NEUROLÓGICA AL MOMENTO DEL ALTA MÉDICA
C1000013	SECCION_EXPLORACION_FISICA_DURANTE_HOSPITALIZACION	EXPLORACIÓN A SU INGRESO EN LA UNIDAD DE ICTUS
C1000013	SECCION_EXPLORACION_FISICA_DURANTE_HOSPITALIZACION	EXP FISICA A INGRESS
C1000013	SECCION_EXPLORACION_FISICA_DURANTE_HOSPITALIZACION	EXP FÍSICA EN PLANTA DE NRL
C1000013	SECCION_EXPLORACION_FISICA_DURANTE_HOSPITALIZACION	EXP FISICA EN UI
C1000013	SECCION_EXPLORACION_FISICA_DURANTE_HOSPITALIZACION	EXP: FÍSICA A HOSP
C1000013	SECCION_EXPLORACION_FISICA_DURANTE_HOSPITALIZACION	EXPLORACIÓ A L'INGRÉS
C1000013	SECCION_EXPLORACION_FISICA_DURANTE_HOSPITALIZACION	EXPLORACIÓ A L'INGRÉS A PLANTA
C1000013	SECCION_EXPLORACION_FISICA_DURANTE_HOSPITALIZACION	EXPLORACIÓ DURANT EL SEU INGRÉS
C1000013	SECCION_EXPLORACION_FISICA_DURANTE_HOSPITALIZACION	EXPLORACIÓ DURANT EL SEU INGRÉS A PLANTA
C1000013	SECCION_EXPLORACION_FISICA_DURANTE_HOSPITALIZACION	EXPLORACIÓ DURANT L'INGRÉS
C1000013	SECCION_EXPLORACION_FISICA_DURANTE_HOSPITALIZACION	EXPLORACIÓ DURANT L'INGRÉS A PLANTA
C1000013	SECCION_EXPLORACION_FISICA_DURANTE_HOSPITALIZACION	EXPLORACIÓ FÍSICA A L'INGRÉS
C1000013	SECCION_EXPLORACION_FISICA_DURANTE_HOSPITALIZACION	EXPLORACIÓ FÍSICA A L'INGRÉS A PLANTA
C1000013	SECCION_EXPLORACION_FISICA_DURANTE_HOSPITALIZACION	EXPLORACIÓ FÍSICA DURANT EL SEU INGRÉS
C1000013	SECCION_EXPLORACION_FISICA_DURANTE_HOSPITALIZACION	EXPLORACIÓ FÍSICA DURANT EL SEU INGRÉS A PLANTA
C1000013	SECCION_EXPLORACION_FISICA_DURANTE_HOSPITALIZACION	EXPLORACIÓ FÍSICA DURANT L'INGRÉS
C1000013	SECCION_EXPLORACION_FISICA_DURANTE_HOSPITALIZACION	EXPLORACIÓ FÍSICA DURANT L'INGRÉS A PLANTA
C1000013	SECCION_EXPLORACION_FISICA_DURANTE_HOSPITALIZACION	EXPLORACIÓN AL INGRESO
C1000013	SECCION_EXPLORACION_FISICA_DURANTE_HOSPITALIZACION	EXPLORACIÓN EN LA UNIDAD DE ICTUS
C1000013	SECCION_EXPLORACION_FISICA_DURANTE_HOSPITALIZACION	EXPLORACIÓN EN PLANTA
C1000013	SECCION_EXPLORACION_FISICA_DURANTE_HOSPITALIZACION	EXPLORACIÓN EN PLANTA DE NEUROLOGÍA
C1000013	SECCION_EXPLORACION_FISICA_DURANTE_HOSPITALIZACION	EXPLORACIÓN EN PLANTA NEUROVASCULAR
C1000013	SECCION_EXPLORACION_FISICA_DURANTE_HOSPITALIZACION	EXPLORACIÓN EN SALA CONVENCIONAL DE NEUROLOGÍA
C1000013	SECCION_EXPLORACION_FISICA_DURANTE_HOSPITALIZACION	EXPLORACIÓN EN UNIDAD DE ICTUS AL INGRESO 6/11
C1000013	SECCION_EXPLORACION_FISICA_DURANTE_HOSPITALIZACION	EXPLORACIÓN FÍSICA AL INGRESO
C1000013	SECCION_EXPLORACION_FISICA_DURANTE_HOSPITALIZACION	EXPLORACION FISICA DURANTE HOSPITALIZACION
C1000013	SECCION_EXPLORACION_FISICA_DURANTE_HOSPITALIZACION	EXPLORACIÓN FÍSICA EN LA UNIDAD DE ICTUS
C1000013	SECCION_EXPLORACION_FISICA_DURANTE_HOSPITALIZACION	EXPLORACIÓN FÍSICA EN LA UNIDAD DE ICTUS AGUDO
C1000013	SECCION_EXPLORACION_FISICA_DURANTE_HOSPITALIZACION	EXPLORACIÓN FÍSICA EN PLANTA
C1000013	SECCION_EXPLORACION_FISICA_DURANTE_HOSPITALIZACION	EXPLORACIÓN FÍSICA EN PLANTA CONVENCIONAL DE NEUROLOGÍA
C1000013	SECCION_EXPLORACION_FISICA_DURANTE_HOSPITALIZACION	EXPLORACIÓN FÍSICA EN PLANTA DE HOSPITALIZACIÓN
C1000013	SECCION_EXPLORACION_FISICA_DURANTE_HOSPITALIZACION	EXPLORACIÓN FÍSICA EN PLANTA DE NEUROLOGÍA
C1000013	SECCION_EXPLORACION_FISICA_DURANTE_HOSPITALIZACION	EXPLORACIÓN FÍSICA EN PLANTA NEUROVASCULAR
C1000013	SECCION_EXPLORACION_FISICA_DURANTE_HOSPITALIZACION	EXPLORACIÓN FÍSICA EN SALA
C1000013	SECCION_EXPLORACION_FISICA_DURANTE_HOSPITALIZACION	EXPLORACIÓN FÍSICA EN UCI
C1000013	SECCION_EXPLORACION_FISICA_DURANTE_HOSPITALIZACION	EXPLORACIÓN FÍSICA EN UNIDAD DE ICTU
C1000013	SECCION_EXPLORACION_FISICA_DURANTE_HOSPITALIZACION	EXPLORACIÓN FÍSICA EN UNIDAD DE ICTUS
C1000013	SECCION_EXPLORACION_FISICA_DURANTE_HOSPITALIZACION	EXPLORACIÓN FÍSICA HOSPITALIZACIÓN
C1000013	SECCION_EXPLORACION_FISICA_DURANTE_HOSPITALIZACION	EXPLORACION FÍSICA UNIDAD ICTUS
C1000013	SECCION_EXPLORACION_FISICA_DURANTE_HOSPITALIZACION	EXPLORACIÓN NEUROLÓGICA A SU INGRESO EN LA UIA
C1000013	SECCION_EXPLORACION_FISICA_DURANTE_HOSPITALIZACION	EXPLORACIÓN PLANTA NEUROVASCULAR
C1000013	SECCION_EXPLORACION_FISICA_DURANTE_HOSPITALIZACION	EXPLORACIONES EN NEUROLOGÍA
C1000013	SECCION_EXPLORACION_FISICA_DURANTE_HOSPITALIZACION	EXPLORACIONES EN PLANTA DE NEUROLOGÍA
C1000013	SECCION_EXPLORACION_FISICA_DURANTE_HOSPITALIZACION	EXPLORACIONES REALIZADAS EN NEUROLOGÍA
C1000013	SECCION_EXPLORACION_FISICA_DURANTE_HOSPITALIZACION	EXPLORACIONES REALIZADAS EN PLANTA DE NEUROLOGÍA
C1000013	SECCION_EXPLORACION_FISICA_DURANTE_HOSPITALIZACION	EXPLORACIONES REALIZADAS EN PLANTA NEUROLOGÍA
C1000013	SECCION_EXPLORACION_FISICA_DURANTE_HOSPITALIZACION	VALORACIÓ A PLANTA NEUROLOGIA
C1000014	SECCION_EXPLORACION_FISICA_EN_URGENCIAS	EXP. FÍSICA A URG
C1000014	SECCION_EXPLORACION_FISICA_EN_URGENCIAS	EXP. FÍSICA EN URG
C1000014	SECCION_EXPLORACION_FISICA_EN_URGENCIAS	EXPLORACIÓ A UCIAS
C1000014	SECCION_EXPLORACION_FISICA_EN_URGENCIAS	EXPLORACIÓ A URGÈNCIES
C1000014	SECCION_EXPLORACION_FISICA_EN_URGENCIAS	EXPLORACIÓ FÍSICA A UCIAS
C1000014	SECCION_EXPLORACION_FISICA_EN_URGENCIAS	EXPLORACIÓ FÍSICA A URGÈNCIES
C1000014	SECCION_EXPLORACION_FISICA_EN_URGENCIAS	EXPLORACIÓ FÍSICA REALITZADA A UCIAS
C1000014	SECCION_EXPLORACION_FISICA_EN_URGENCIAS	EXPLORACIÓ FÍSICA REALITZADA A URGÈNCIES
C1000014	SECCION_EXPLORACION_FISICA_EN_URGENCIAS	EXPLORACIÓ REALITZADA A UCIAS
C1000014	SECCION_EXPLORACION_FISICA_EN_URGENCIAS	EXPLORACIÓ REALITZADA A URGÈNCIES
C1000014	SECCION_EXPLORACION_FISICA_EN_URGENCIAS	EXPLORACIÓN A SU LLEGADA A URGENCIAS
C1000014	SECCION_EXPLORACION_FISICA_EN_URGENCIAS	EXPLORACIÓN EN UCIAS
C1000014	SECCION_EXPLORACION_FISICA_EN_URGENCIAS	EXPLORACIÓN EN URGENCIAS
C1000014	SECCION_EXPLORACION_FISICA_EN_URGENCIAS	EXPLORACIÓN FÍSICA EN UCIAS
C1000014	SECCION_EXPLORACION_FISICA_EN_URGENCIAS	EXPLORACIÓN FÍSICA EN URGENCIAS
C1000014	SECCION_EXPLORACION_FISICA_EN_URGENCIAS	EXPLORACIÓN FÍSICA REALIZADA EN UCIAS
C1000014	SECCION_EXPLORACION_FISICA_EN_URGENCIAS	EXPLORACIÓN FÍSICA REALIZADA EN URGENCIAS
C1000014	SECCION_EXPLORACION_FISICA_EN_URGENCIAS	EXPLORACIÓN INICIAL
C1000014	SECCION_EXPLORACION_FISICA_EN_URGENCIAS	EXPLORACIÓN NEUROLÓGICA LLEGADA URGENCIAS
C1000014	SECCION_EXPLORACION_FISICA_EN_URGENCIAS	EXPLORACIÓN REALIZADA EN UCIAS
C1000014	SECCION_EXPLORACION_FISICA_EN_URGENCIAS	EXPLORACIÓN REALIZADA EN URGENCIAS
C1000014	SECCION_EXPLORACION_FISICA_EN_URGENCIAS	EXPLORACIONES EN URGENCIAS
C1000014	SECCION_EXPLORACION_FISICA_EN_URGENCIAS	EXPLORACIONES REALIZADAS EN URGENCIAS
C1000014	SECCION_EXPLORACION_FISICA_EN_URGENCIAS	EXPLORACIONES REALIZADAS URGENCIAS
C1000014	SECCION_EXPLORACION_FISICA_EN_URGENCIAS	EXPLORACIONS A URGÈNCIES
C1000014	SECCION_EXPLORACION_FISICA_EN_URGENCIAS	EXPLORACIONS REALITZADES A URGÈNCIES
C1000014	SECCION_EXPLORACION_FISICA_EN_URGENCIAS	EXPLORACIONS REALITZADES URGÈNCIES
C1000014	SECCION_EXPLORACION_FISICA_EN_URGENCIAS	VALORACIÓ INCIAL URGÈNCIES
C1000015	SECCION_PROCESO_ACTUAL	ANAMNESIS
C1000015	SECCION_PROCESO_ACTUAL	SITUACIÓN ACTUAL
C1000015	SECCION_PROCESO_ACTUAL	ENFERMEDAD
C1000015	SECCION_PROCESO_ACTUAL	ENFERMEDAD ACTUAL
C1000015	SECCION_PROCESO_ACTUAL	EPISODI
C1000015	SECCION_PROCESO_ACTUAL	EPISODI ACTUAL
C1000015	SECCION_PROCESO_ACTUAL	EPISODIO
C1000015	SECCION_PROCESO_ACTUAL	EPISODIO ACTUAL
C1000015	SECCION_PROCESO_ACTUAL	HISTORIA
C1000015	SECCION_PROCESO_ACTUAL	HISTÒRIA
C1000015	SECCION_PROCESO_ACTUAL	HISTORIA ACTUAL
C1000015	SECCION_PROCESO_ACTUAL	HISTÒRIA ACTUAL
C1000015	SECCION_PROCESO_ACTUAL	MALALTIA
C1000015	SECCION_PROCESO_ACTUAL	MALALTIA ACTUAL
C1000015	SECCION_PROCESO_ACTUAL	PROCÉS
C1000015	SECCION_PROCESO_ACTUAL	PROCÉS ACTUAL
C1000015	SECCION_PROCESO_ACTUAL	PROCESO
C1000015	SECCION_PROCESO_ACTUAL	PROCESO ACTUAL
C1000016	SECCION_EXPLORACIONES_COMPLEMENTARIAS	EXPLORACIÓ COMPLEMENTÀRIA
C1000016	SECCION_EXPLORACIONES_COMPLEMENTARIAS	EXPLORACIÓN COMPLEMENTARIA
C1000016	SECCION_EXPLORACIONES_COMPLEMENTARIAS	EXPLORACIÓN COMPLEMENTARIA REALIZADA
C1000016	SECCION_EXPLORACIONES_COMPLEMENTARIAS	EXPLORACIONES COMPLEMENTARIAS
C1000016	SECCION_EXPLORACIONES_COMPLEMENTARIAS	EXPLORACIONES COMPLEMENTARIAS REALIZADAS
C1000016	SECCION_EXPLORACIONES_COMPLEMENTARIAS	EXPLORACIONS COMPLEMENTÀRIES REALITZADES
C1000016	SECCION_EXPLORACIONES_COMPLEMENTARIAS	PROVES COMPLEMENTÀRIES
C1000016	SECCION_EXPLORACIONES_COMPLEMENTARIAS	PROVES COMPLEMENTÀRIES REALITZADES
C1000016	SECCION_EXPLORACIONES_COMPLEMENTARIAS	PRUEBAS COMPLEMENTARIAS
C1000016	SECCION_EXPLORACIONES_COMPLEMENTARIAS	PRUEBAS COMPLEMENTARIAS REALIZADAS
C1000016	SECCION_EXPLORACIONES_COMPLEMENTARIAS	RESULTADOS PRUEBAS COMPLEMENTARIAS
C1000016	SECCION_EXPLORACIONES_COMPLEMENTARIAS	RESUM PROVES COMPLEMENTÀRIES
C1000016	SECCION_EXPLORACIONES_COMPLEMENTARIAS	SE REALIZAN LAS SIGUIENTES EXPLORACIONES COMPLEMENTARIAS
C1000016	SECCION_EXPLORACIONES_COMPLEMENTARIAS	SE REALIZAN LAS SIGUIENTES PRUEBAS COMPLEMENTARIAS
C1000017	SECCION_EXPLORACIONES_COMPLEMENTARIAS_EN_PLANTA_DE_NEUROLOGIA	PRUEBAS REALIZADAS EN EL SERVICIO DE NEUROLOGÍA
C1000017	SECCION_EXPLORACIONES_COMPLEMENTARIAS_EN_PLANTA_DE_NEUROLOGIA	EXPLORACIONES REALIZADAS EN LA UNIDAD DE ICTUS
C1000017	SECCION_EXPLORACIONES_COMPLEMENTARIAS_EN_PLANTA_DE_NEUROLOGIA	EXPLORACIONES REALIZADAS EN UNIDAD DE ICTUS
C1000017	SECCION_EXPLORACIONES_COMPLEMENTARIAS_EN_PLANTA_DE_NEUROLOGIA	PRUEBAS REALIZADAS EN PLANTA DE NRL
C1000017	SECCION_EXPLORACIONES_COMPLEMENTARIAS_EN_PLANTA_DE_NEUROLOGIA	ANALÍTICA DE INGRESO
C1000017	SECCION_EXPLORACIONES_COMPLEMENTARIAS_EN_PLANTA_DE_NEUROLOGIA	ANALÍTICA EN SALA NEUROLOGÍA
C1000017	SECCION_EXPLORACIONES_COMPLEMENTARIAS_EN_PLANTA_DE_NEUROLOGIA	ANALÍTICA INGRESO
C1000017	SECCION_EXPLORACIONES_COMPLEMENTARIAS_EN_PLANTA_DE_NEUROLOGIA	EC DURANTE EL INGRES
C1000017	SECCION_EXPLORACIONES_COMPLEMENTARIAS_EN_PLANTA_DE_NEUROLOGIA	EECC PLANTA DE NEUROLOGÍA
C1000017	SECCION_EXPLORACIONES_COMPLEMENTARIAS_EN_PLANTA_DE_NEUROLOGIA	EXPLORACIÓ COMPLEMENTÀRIA A L'INGRÉS
C1000017	SECCION_EXPLORACIONES_COMPLEMENTARIAS_EN_PLANTA_DE_NEUROLOGIA	EXPLORACIÓ COMPLEMENTÀRIA A L'INGRÉS A PLANTA
C1000017	SECCION_EXPLORACIONES_COMPLEMENTARIAS_EN_PLANTA_DE_NEUROLOGIA	EXPLORACIÓ COMPLEMENTÀRIA DURANT EL SEU INGRÉS
C1000017	SECCION_EXPLORACIONES_COMPLEMENTARIAS_EN_PLANTA_DE_NEUROLOGIA	EXPLORACIÓ COMPLEMENTÀRIA DURANT EL SEU INGRÉS A PLANTA
C1000017	SECCION_EXPLORACIONES_COMPLEMENTARIAS_EN_PLANTA_DE_NEUROLOGIA	EXPLORACIÓ COMPLEMENTÀRIA DURANT L'INGRÉS
C1000017	SECCION_EXPLORACIONES_COMPLEMENTARIAS_EN_PLANTA_DE_NEUROLOGIA	EXPLORACIÓ COMPLEMENTÀRIA DURANT L'INGRÉS A PLANTA
C1000017	SECCION_EXPLORACIONES_COMPLEMENTARIAS_EN_PLANTA_DE_NEUROLOGIA	EXPLORACIÓN COMPLEMENTARIA AL INGRESO
C1000017	SECCION_EXPLORACIONES_COMPLEMENTARIAS_EN_PLANTA_DE_NEUROLOGIA	EXPLORACIÓN COMPLEMENTARIA EN PLANTA
C1000017	SECCION_EXPLORACIONES_COMPLEMENTARIAS_EN_PLANTA_DE_NEUROLOGIA	EXPLORACIÓN COMPLEMENTARIA EN PLANTA CONVENCIONAL DE NEUROLOGÍA
C1000017	SECCION_EXPLORACIONES_COMPLEMENTARIAS_EN_PLANTA_DE_NEUROLOGIA	EXPLORACIÓN COMPLEMENTARIA EN PLANTA DE HOSPITALIZACIÓN
C1000017	SECCION_EXPLORACIONES_COMPLEMENTARIAS_EN_PLANTA_DE_NEUROLOGIA	EXPLORACIÓN COMPLEMENTARIA EN PLANTA DE NEUROLOGÍA
C1000017	SECCION_EXPLORACIONES_COMPLEMENTARIAS_EN_PLANTA_DE_NEUROLOGIA	EXPLORACIÓN COMPLEMENTARIA EN PLANTA NEUROVASCULAR
C1000017	SECCION_EXPLORACIONES_COMPLEMENTARIAS_EN_PLANTA_DE_NEUROLOGIA	EXPLORACIÓN COMPLEMENTARIA EN SALA
C1000017	SECCION_EXPLORACIONES_COMPLEMENTARIAS_EN_PLANTA_DE_NEUROLOGIA	EXPLORACIÓN COMPLEMENTARIA EN SALA CONVENCIONAL DE NEUROLOGÍA
C1000017	SECCION_EXPLORACIONES_COMPLEMENTARIAS_EN_PLANTA_DE_NEUROLOGIA	EXPLORACIÓN COMPLEMENTARIA EN UCI
C1000017	SECCION_EXPLORACIONES_COMPLEMENTARIAS_EN_PLANTA_DE_NEUROLOGIA	EXPLORACIÓN COMPLEMENTARIA HOSPITALIZACIÓN
C1000017	SECCION_EXPLORACIONES_COMPLEMENTARIAS_EN_PLANTA_DE_NEUROLOGIA	EXPLORACIÓN COMPLEMENTARIA PLANTA NEUROVASCULAR
C1000017	SECCION_EXPLORACIONES_COMPLEMENTARIAS_EN_PLANTA_DE_NEUROLOGIA	EXPLORACIÓN COMPLEMENTARIA UNIDAD ICTUS
C1000017	SECCION_EXPLORACIONES_COMPLEMENTARIAS_EN_PLANTA_DE_NEUROLOGIA	EXPLORACIONES COMPLEMENTARIAS DURANTE EL INGRESO
C1000017	SECCION_EXPLORACIONES_COMPLEMENTARIAS_EN_PLANTA_DE_NEUROLOGIA	EXPLORACIONES COMPLEMENTARIAS DURANTE SU INGRESO EN LA UNIDAD DE ICTUS
C1000017	SECCION_EXPLORACIONES_COMPLEMENTARIAS_EN_PLANTA_DE_NEUROLOGIA	EXPLORACIONES COMPLEMENTARIAS EN UIA
C1000017	SECCION_EXPLORACIONES_COMPLEMENTARIAS_EN_PLANTA_DE_NEUROLOGIA	EXPLORACIONES COMPLEMENTARIAS EN LA UNIDAD DE ICTUS
C1000017	SECCION_EXPLORACIONES_COMPLEMENTARIAS_EN_PLANTA_DE_NEUROLOGIA	EXPLORACIONES COMPLEMENTARIAS EN LA UNIDAD DE ICTUSUROVASCULAR
C1000017	SECCION_EXPLORACIONES_COMPLEMENTARIAS_EN_PLANTA_DE_NEUROLOGIA	EXPLORACIONES COMPLEMENTARIAS EN NEUROLOGÍA
C1000017	SECCION_EXPLORACIONES_COMPLEMENTARIAS_EN_PLANTA_DE_NEUROLOGIA	EXPLORACIONES COMPLEMENTARIAS EN PLANTA DE NEUROLOGÍA
C1000017	SECCION_EXPLORACIONES_COMPLEMENTARIAS_EN_PLANTA_DE_NEUROLOGIA	EXPLORACIONES COMPLEMENTARIAS REALIZADAS DURANTE EL INGRESO
C1000017	SECCION_EXPLORACIONES_COMPLEMENTARIAS_EN_PLANTA_DE_NEUROLOGIA	EXPLORACIONES COMPLEMENTARIAS REALIZADAS EN NUESTRO CENTRO
C1000017	SECCION_EXPLORACIONES_COMPLEMENTARIAS_EN_PLANTA_DE_NEUROLOGIA	EXPLORACIONES COMPLEMENTARIAS REALIZADAS EN PLANTA DE NEUROLOGÍA
C1000017	SECCION_EXPLORACIONES_COMPLEMENTARIAS_EN_PLANTA_DE_NEUROLOGIA	EXPLORACIONES COMPLEMENTARIAS REALIZADAS EN PLANTA NEUROLOGÍA
C1000017	SECCION_EXPLORACIONES_COMPLEMENTARIAS_EN_PLANTA_DE_NEUROLOGIA	EXPLORACIONES RCOMPLEMENTARIAS REALIZADAS EN NEUROLOGÍA
C1000017	SECCION_EXPLORACIONES_COMPLEMENTARIAS_EN_PLANTA_DE_NEUROLOGIA	EXPLORACIONS COMPLEMENTÀRIES A LA UNITAT DE ICTUS
C1000017	SECCION_EXPLORACIONES_COMPLEMENTARIAS_EN_PLANTA_DE_NEUROLOGIA	PROVES COMPLEMENTÀRIES A PLANTA DE NEUROLOGIA
C1000017	SECCION_EXPLORACIONES_COMPLEMENTARIAS_EN_PLANTA_DE_NEUROLOGIA	PRUEBAS EN NEUROLOGÍA
C1000017	SECCION_EXPLORACIONES_COMPLEMENTARIAS_EN_PLANTA_DE_NEUROLOGIA	PRUEBAS EN PLANTA DE NEUROLOGÍA
C1000018	SECCION_EXPLORACIONES_COMPLEMENTARIAS_EN_URGENCIAS	ANALÍTICA D'URGÈNCIES
C1000018	SECCION_EXPLORACIONES_COMPLEMENTARIAS_EN_URGENCIAS	ANALÍTICA SANGUÍNEA URGENCIAS
C1000018	SECCION_EXPLORACIONES_COMPLEMENTARIAS_EN_URGENCIAS	ANALÍTICA URGENCIAS
C1000018	SECCION_EXPLORACIONES_COMPLEMENTARIAS_EN_URGENCIAS	EC DE URGENCIAS
C1000018	SECCION_EXPLORACIONES_COMPLEMENTARIAS_EN_URGENCIAS	EXPLORACIÓ COMPLEMENTÀRIA A UCIAS
C1000018	SECCION_EXPLORACIONES_COMPLEMENTARIAS_EN_URGENCIAS	EXPLORACIÓ COMPLEMENTÀRIA A URGÈNCIES
C1000018	SECCION_EXPLORACIONES_COMPLEMENTARIAS_EN_URGENCIAS	EXPLORACIÓ COMPLEMENTÀRIA REALITZADA A UCIAS
C1000018	SECCION_EXPLORACIONES_COMPLEMENTARIAS_EN_URGENCIAS	EXPLORACIÓ COMPLEMENTÀRIA REALITZADA A URGÈNCIES
C1000018	SECCION_EXPLORACIONES_COMPLEMENTARIAS_EN_URGENCIAS	EXPLORACIÓN COMPLEMENTARIA EN UCIAS
C1000018	SECCION_EXPLORACIONES_COMPLEMENTARIAS_EN_URGENCIAS	EXPLORACIÓN COMPLEMENTARIA EN URGENCIAS
C1000018	SECCION_EXPLORACIONES_COMPLEMENTARIAS_EN_URGENCIAS	EXPLORACIÓN COMPLEMENTARIA LLEGADA URGENCIAS
C1000018	SECCION_EXPLORACIONES_COMPLEMENTARIAS_EN_URGENCIAS	EXPLORACIÓN COMPLEMENTARIA REALIZADA EN UCIAS
C1000018	SECCION_EXPLORACIONES_COMPLEMENTARIAS_EN_URGENCIAS	EXPLORACIÓN COMPLEMENTARIA REALIZADA EN URGENCIAS
C1000018	SECCION_EXPLORACIONES_COMPLEMENTARIAS_EN_URGENCIAS	EXPLORACIÓN COMPLEMENTARIA UCIAS
C1000018	SECCION_EXPLORACIONES_COMPLEMENTARIAS_EN_URGENCIAS	EXPLORACIÓN COMPLEMENTARIA URGENCIAS
C1000018	SECCION_EXPLORACIONES_COMPLEMENTARIAS_EN_URGENCIAS	EXPLORACIONES COMPLEMENTARIAS EN URGENCIAS
C1000018	SECCION_EXPLORACIONES_COMPLEMENTARIAS_EN_URGENCIAS	EXPLORACIONES COMPLEMENTARIAS REALIZADAS EN URGENCIAS
C1000018	SECCION_EXPLORACIONES_COMPLEMENTARIAS_EN_URGENCIAS	EXPLORACIONES COMPLEMENTARIAS REALIZADAS URGENCIAS
C1000018	SECCION_EXPLORACIONES_COMPLEMENTARIAS_EN_URGENCIAS	EXPLORACIONES COMPLEMENTARIAS URGENCIAS
C1000018	SECCION_EXPLORACIONES_COMPLEMENTARIAS_EN_URGENCIAS	EXPLORACIONS COMPLEMENTÀRIES A URGÈNCIES
C1000018	SECCION_EXPLORACIONES_COMPLEMENTARIAS_EN_URGENCIAS	EXPLORACIONS COMPLEMENTÀRIES REALITZADES A URGÈNCIES
C1000018	SECCION_EXPLORACIONES_COMPLEMENTARIAS_EN_URGENCIAS	EXPLORACIONSCOMPLEMENTÀRIES REALITZADES URGÈNCIES
C1000018	SECCION_EXPLORACIONES_COMPLEMENTARIAS_EN_URGENCIAS	PROVES COMPLEMENTÀRIES A URGÈNCIES
C1000018	SECCION_EXPLORACIONES_COMPLEMENTARIAS_EN_URGENCIAS	PRUEBAS COMPLEMENTARIAS EN URGENCIAS
C1000018	SECCION_EXPLORACIONES_COMPLEMENTARIAS_EN_URGENCIAS	PRUEBAS REALIZADAS EN URGENCIAS
C1000018	SECCION_EXPLORACIONES_COMPLEMENTARIAS_EN_URGENCIAS	PRUEBAS EN URGENCIAS
C1000019	SECCION_CONTROL	CITA DE CONTROL
C1000019	SECCION_CONTROL	CONTROL
C1000019	SECCION_CONTROL	CONTROLES
C1000019	SECCION_CONTROL	CONTROLS
C1000019	SECCION_CONTROL	PLAN
C1000019	SECCION_CONTROL	PLAN AL ALTA
C1000019	SECCION_CONTROL	PLAN Y RECOMENDACIONES AL ALTA
C1000019	SECCION_CONTROL	SEGUIMIENTO
C1000019	SECCION_CONTROL	VISITAS
C1000020	SECCION_RECOMENDACIONES	TRAS RECOMENDACIONES / ALTRES RECOMANACIONS
C1000020	SECCION_RECOMENDACIONES	CONSEJOS
C1000020	SECCION_RECOMENDACIONES	INDICACIONES
C1000020	SECCION_RECOMENDACIONES	INDICACIONES AL ALTA
C1000020	SECCION_RECOMENDACIONES	INDICACIONS
C1000020	SECCION_RECOMENDACIONES	INDICACIONS AL ALTA
C1000020	SECCION_RECOMENDACIONES	OBJETIVOS RECOMENDADOS
C1000020	SECCION_RECOMENDACIONES	OTRAS RECOMENDACIONES
C1000020	SECCION_RECOMENDACIONES	RECOMANEM
C1000020	SECCION_RECOMENDACIONES	RECOMENACIONS A L'ALTA
C1000020	SECCION_RECOMENDACIONES	RECOMENDACIONES
C1000020	SECCION_RECOMENDACIONES	RECOMENDACIONES AL ALTA
C1000020	SECCION_RECOMENDACIONES	RECOMENDACIONES DE PREVENCIÓN SECUNDARIA
C1000020	SECCION_RECOMENDACIONES	RECOMENDACIONES GENERALES
C1000020	SECCION_RECOMENDACIONES	RECOMENDACIONES GENERALES AL ALTA
C1000020	SECCION_RECOMENDACIONES	RECOMENDACIONES Y PLAN AL ALTA
C1000020	SECCION_RECOMENDACIONES	SE RECOMIENDA
C1000021	SECCION_TRATAMIENTO_AL_ALTA	MEDICACIÓN AL ALTA
C1000021	SECCION_TRATAMIENTO_AL_ALTA	PLAN TERAPÉUTICO
C1000021	SECCION_TRATAMIENTO_AL_ALTA	PLAN TERAPÉUTICO / PLA TERAPÈUTIC
C1000021	SECCION_TRATAMIENTO_AL_ALTA	TRACTAMENT A L'ALTA
C1000021	SECCION_TRATAMIENTO_AL_ALTA	TRACTAMENT FARMACOLÒGIC
C1000021	SECCION_TRATAMIENTO_AL_ALTA	TRACTAMENT MÉDIC AL ALTA
C1000021	SECCION_TRATAMIENTO_AL_ALTA	TRACTAMENT RECOMANAT A L'ALTA
C1000021	SECCION_TRATAMIENTO_AL_ALTA	TRATAMIENTO AL ALTA
C1000021	SECCION_TRATAMIENTO_AL_ALTA	TRATAMIENTO FARMACOLÓGICO AL ALTA
C1000021	SECCION_TRATAMIENTO_AL_ALTA	TRATAMIENTO MÉDICO AL ALTA
C1000021	SECCION_TRATAMIENTO_AL_ALTA	TRACTAMENT
C1000021	SECCION_TRATAMIENTO_AL_ALTA	TRATAMIENTO
C1000021	SECCION_TRATAMIENTO_HABITUAL	MEDIACIÓN HABITUAL
C1000021	SECCION_TRATAMIENTO_HABITUAL	MEDICACIÓ
C1000021	SECCION_TRATAMIENTO_HABITUAL	MEDICACIÓ HABITUAL
C1000021	SECCION_TRATAMIENTO_HABITUAL	MEDICACIÓ PRÈVIA
C1000021	SECCION_TRATAMIENTO_HABITUAL	MEDICACIÓN
C1000021	SECCION_TRATAMIENTO_HABITUAL	MEDICACIÓN ACTUA
C1000021	SECCION_TRATAMIENTO_HABITUAL	MEDICACIÓN HABITUAL
C1000021	SECCION_TRATAMIENTO_HABITUAL	TRACTAME NT HABIT UAL
C1000021	SECCION_TRATAMIENTO_HABITUAL	TRACTAMENT HABITUAL
C1000021	SECCION_TRATAMIENTO_HABITUAL	TRATAMIENTO DOMICILIARIO
C1000021	SECCION_TRATAMIENTO_HABITUAL	TRATAMIENTO EN DOMICILIO
C1000021	SECCION_TRATAMIENTO_HABITUAL	TRATAMIENTO HABITUA
C1000021	SECCION_TRATAMIENTO_HABITUAL	TRATAMIENTO HABITUAL
C1000021	SECCION_TRATAMIENTO_HABITUAL	TRATAMIENTO MÉDICO HABITUAL
C1000021	SECCION_TRATAMIENTO_HABITUAL	TTM HABITUAL
C1000021	SECCION_TRATAMIENTO_HABITUAL	TTO HABITUAL
C1000022	SECCION_TRATAMIENTO_Y_RECOMENDACIONES_AL_ALTA	INDICACIONES Y TRATAMIENTO AL ALTA
C1000022	SECCION_TRATAMIENTO_Y_RECOMENDACIONES_AL_ALTA	PLAN Y TRATAMIENTO AL ALTA
C1000022	SECCION_TRATAMIENTO_Y_RECOMENDACIONES_AL_ALTA	RECOMENDACIONES Y TRATAMIENTO AL ALTA
C1000022	SECCION_TRATAMIENTO_Y_RECOMENDACIONES_AL_ALTA	RECOMENDACIONES AL ALTA Y MEDICACIÓN
C1000022	SECCION_TRATAMIENTO_Y_RECOMENDACIONES_AL_ALTA	TRACTAMENT I RECOMANACIONS A L'ALTA
C1000022	SECCION_TRATAMIENTO_Y_RECOMENDACIONES_AL_ALTA	TRATAMIENTO Y RECOMENDACIONES AL ALTA
C1000023	SECCION_MOTIVO_DEL_ALTA	MOTIU
C1000023	SECCION_MOTIVO_DEL_ALTA	MOTIU ALTA
C1000023	SECCION_MOTIVO_DEL_ALTA	MOTIU D'ALTA
C1000023	SECCION_MOTIVO_DEL_ALTA	MOTIU DE L'ALTA
C1000023	SECCION_MOTIVO_DEL_ALTA	MOTIVO
C1000023	SECCION_MOTIVO_DEL_ALTA	MOTIVO ALTA
C1000023	SECCION_MOTIVO_DEL_ALTA	MOTIVO DE ALTA
C1000023	SECCION_MOTIVO_DEL_ALTA	MOTIVO DEL ALTA
C1000023	SECCION_MOTIVO_DEL_ALTA	MOTIVO/MOTIU ALTA
C1000024	SECCION_MOTIVO_DE_INGRESO	MOTIU CONSULTA
C1000024	SECCION_MOTIVO_DE_INGRESO	MOTIU CONSULTA EN UCI
C1000024	SECCION_MOTIVO_DE_INGRESO	MOTIU CONSULTA UCI
C1000024	SECCION_MOTIVO_DE_INGRESO	MOTIU D'ESTUDI
C1000024	SECCION_MOTIVO_DE_INGRESO	MOTIU D'INGRÉS
C1000024	SECCION_MOTIVO_DE_INGRESO	MOTIU DE CONSULTA
C1000024	SECCION_MOTIVO_DE_INGRESO	MOTIU DE CONSULTA EN UCI
C1000024	SECCION_MOTIVO_DE_INGRESO	MOTIU DE CONSULTA UCI
C1000024	SECCION_MOTIVO_DE_INGRESO	MOTIU DE INGRÉS
C1000024	SECCION_MOTIVO_DE_INGRESO	MOTIU DE L'INGRÉS
C1000024	SECCION_MOTIVO_DE_INGRESO	MOTIU INGRÉS
C1000024	SECCION_MOTIVO_DE_INGRESO	MOTIU INGRESO
C1000024	SECCION_MOTIVO_DE_INGRESO	MOTIVO CONSULTA
C1000024	SECCION_MOTIVO_DE_INGRESO	MOTIVO D'INGRÉS
C1000024	SECCION_MOTIVO_DE_INGRESO	MOTIVO DE CONSULTA
C1000024	SECCION_MOTIVO_DE_INGRESO	MOTIVO DE ESTUDIO
C1000024	SECCION_MOTIVO_DE_INGRESO	MOTIVO DE INGRESO
C1000024	SECCION_MOTIVO_DE_INGRESO	MOTIVO DE INGRESO EN UCI
C1000024	SECCION_MOTIVO_DE_INGRESO	MOTIVO DE INGRESO UCI
C1000024	SECCION_MOTIVO_DE_INGRESO	MOTIVO DEL INGRESO
C1000024	SECCION_MOTIVO_DE_INGRESO	MOTIVO INGRÉS
C1000024	SECCION_MOTIVO_DE_INGRESO	MOTIVO INGRESO
C1000024	SECCION_MOTIVO_DE_INGRESO	MOTIVO INGRESO EN UCI
C1000024	SECCION_MOTIVO_DE_INGRESO	MOTIVO INGRESO UCI
C1000025	SECCION_DIAGNOSTICOS_SECUNDARIOS	DIAGNÒSTICS SECUNDARIS
C1000025	SECCION_DIAGNOSTICOS_SECUNDARIOS	DIAGNÓSTICOS ADICIONALES
C1000025	SECCION_DIAGNOSTICOS_SECUNDARIOS	DIAGNOSTICOS SECUNDARIOS
C1000025	SECCION_DIAGNOSTICOS_SECUNDARIOS	DIAGNÒSTICS ADDICIONALS
C1000025	SECCION_DIAGNOSTICOS_SECUNDARIOS	OTROS DIAGNÓSTICOS
C1000026	SECCION_PROCEDIMIENTOS	PROC.
C1000026	SECCION_PROCEDIMIENTOS	PROCEDIMENT
C1000026	SECCION_PROCEDIMIENTOS	PROCEDIMENTS
C1000026	SECCION_PROCEDIMIENTOS	PROCEDIMENTS DURANT L'INGRÉS
C1000026	SECCION_PROCEDIMIENTOS	PROCEDIMIENTO
C1000026	SECCION_PROCEDIMIENTOS	PROCEDIMIENTOS
C1000026	SECCION_PROCEDIMIENTOS	PROCEDIMIENTOS DURANTE EL INGRESO
C1000027	SECCION_TIPO_DE_INGRESO	TIPO DE INGRESO
C1000027	SECCION_TIPO_DE_INGRESO	TIPO INGRESO
C1000027	SECCION_TIPO_DE_INGRESO	TIPO/TIPUS
C1000027	SECCION_TIPO_DE_INGRESO	TIPUS D'INGRÉS
C1000027	SECCION_TIPO_DE_INGRESO	TIPUS INGRÉS
C2000001	Fecha_de_ingreso	FECHA
C2000002	Fecha_de_alta	FECHA
C2000003	Fecha_llegada_hospital	FECHA
C2000004	Fecha_inicio_sintomas	FECHA
C2000005	Fecha_TAC_inicial	FECHA
C2000006	Fecha_trombolisis_rtPA	FECHA
C2000007	Fecha_inicio_trombectomia	FECHA
C2000008	Fecha_primera_serie_trombectomia	FECHA
C2000009	Fecha_recanalizacion	FECHA
C2000010	Fecha_fin_trombectomia	FECHA
C2000011	Fecha_inicio_trombolisis_intraarterial	FECHA
C2000050	Hora_de_alta	HORA
C2000051	Hora_llegada_hospital	HORA
C2000052	Hora_inicio_sintomas	HORA
C2000053	Hora_TAC_inicial	HORA
C2000054	Hora_primer_bolus_trombolisis_rtPA	HORA
C2000055	Hora_inicio_trombectomia	HORA
C2000056	Hora_primera_serie_trombectomia	HORA
C2000057	Hora_recanalizacion	HORA
C2000058	Hora_fin_trombectomia	HORA
C2000059	Hora_trombectomia_undef	HORA
C2000060	Hora_inicio_trombolisis_intraarterial	HORA
C2000090	Tiempo_puerta_aguja	TIEMPO
C2000091	Tiempo_puerta_puncion	TIEMPO
