|TYPE|VARIABLE|VARIANT
20059004|_SUG_Arteria_afectada|Arteria basilar|a. basilar
20059004|_SUG_Arteria_afectada|Arteria basilar|a.basilar
20059004|_SUG_Arteria_afectada|Arteria basilar|ab
20059004|_SUG_Arteria_afectada|Arteria basilar|art basilar
20059004|_SUG_Arteria_afectada|Arteria basilar|arteria basilar
20059004|_SUG_Arteria_afectada|Arteria carótida común|acc
20059004|_SUG_Arteria_afectada|Arteria carótida común|arteria acc
20059004|_SUG_Arteria_afectada|Arteria carótida común|arteria carotida comun
20059004|_SUG_Arteria_afectada|Arteria carótida común|carotide
20059004|_SUG_Arteria_afectada|Arteria carótida común|arteria carotide
20059004|_SUG_Arteria_afectada|Arteria carótida común|arteria carotidea
20059004|_SUG_Arteria_afectada|Arteria carótida común|arteria carotidi
20059004|_SUG_Arteria_afectada|Arteria carótida común|carotida
20059004|_SUG_Arteria_afectada|Arteria carótida interna|a. carotida interna
20059004|_SUG_Arteria_afectada|Arteria carótida interna|a.carotida interna
20059004|_SUG_Arteria_afectada|Arteria carótida interna|aci
20059004|_SUG_Arteria_afectada|Arteria carótida interna|arteria aci
20059004|_SUG_Arteria_afectada|Arteria carótida interna|arteria carotida interna
20059004|_SUG_Arteria_afectada|Arteria carótida interna|arteria ica
20059004|_SUG_Arteria_afectada|Arteria carótida interna|carotida interna
20059004|_SUG_Arteria_afectada|Arteria carótida interna|ica
20059004|_SUG_Arteria_afectada|Arteria carótida interna segmento cervical o C1|arteria c1
20059004|_SUG_Arteria_afectada|Arteria carótida interna segmento cervical o C1|c1
20059004|_SUG_Arteria_afectada|Arteria carótida interna terminal (o ACI-T/ TICA)|aci-t
20059004|_SUG_Arteria_afectada|Arteria carótida interna terminal (o ACI-T/ TICA)|arteria aci-t
20059004|_SUG_Arteria_afectada|Arteria carótida interna terminal (o ACI-T/ TICA)|arteria carotida interna terminal
20059004|_SUG_Arteria_afectada|Arteria carótida interna terminal (o ACI-T/ TICA)|arteria tica
20059004|_SUG_Arteria_afectada|Arteria carótida interna terminal (o ACI-T/ TICA)|tica
20059004|_SUG_Arteria_afectada|Arteria carótida primitiva|arteria carotida primitiva
20059004|_SUG_Arteria_afectada|Arteria carótida primitiva|carotida primitiva
20059004|_SUG_Arteria_afectada|Arteria cerebelosa posteroinferior (o PICA)|aica
20059004|_SUG_Arteria_afectada|Arteria cerebelosa posteroinferior (o PICA)|arteria aica
20059004|_SUG_Arteria_afectada|Arteria cerebelosa posteroinferior (o PICA)|arteria cerebelosa anteroinferior
20059004|_SUG_Arteria_afectada|Arteria cerebelosa posteroinferior (o PICA)|arteria cerebelosa posteroinferior
20059004|_SUG_Arteria_afectada|Arteria cerebelosa posteroinferior (o PICA)|arteria cerebelosa superior
20059004|_SUG_Arteria_afectada|Arteria cerebelosa posteroinferior (o PICA)|arteria pica
20059004|_SUG_Arteria_afectada|Arteria cerebelosa posteroinferior (o PICA)|pica
20059004|_SUG_Arteria_afectada|Arteria cerebelosa superior|acs
20059004|_SUG_Arteria_afectada|Arteria cerebelosa superior|arteria acs
20059004|_SUG_Arteria_afectada|Arteria cerebral anterior|aca
20059004|_SUG_Arteria_afectada|Arteria cerebral anterior|acoa
20059004|_SUG_Arteria_afectada|Arteria cerebral anterior|arteria aca
20059004|_SUG_Arteria_afectada|Arteria cerebral anterior|arteria acoa
20059004|_SUG_Arteria_afectada|Arteria cerebral anterior|arteria cerebral anterior
20059004|_SUG_Arteria_afectada|Arteria cerebral anterior segmento A2|a2
20059004|_SUG_Arteria_afectada|Arteria cerebral anterior segmento A2|arteria a2
20059004|_SUG_Arteria_afectada|Arteria cerebral media|acm
20059004|_SUG_Arteria_afectada|Arteria cerebral media|art cerebral media
20059004|_SUG_Arteria_afectada|Arteria cerebral media|art. cerebral media
20059004|_SUG_Arteria_afectada|Arteria cerebral media|arteria acm
20059004|_SUG_Arteria_afectada|Arteria cerebral media|arteria cerebral media
20059004|_SUG_Arteria_afectada|Arteria cerebral media|arteria cerebral mitja
20059004|_SUG_Arteria_afectada|Arteria cerebral media|arteria cerebrals mitges
20059004|_SUG_Arteria_afectada|Arteria cerebral media|arteria nucleo lenticular
20059004|_SUG_Arteria_afectada|Arteria cerebral media|nucleo lenticular
20059004|_SUG_Arteria_afectada|Arteria cerebral media segmento|arteria cerebral media segmento
20059004|_SUG_Arteria_afectada|Arteria cerebral media segmento M1|arteria m1
20059004|_SUG_Arteria_afectada|Arteria cerebral media segmento M1|m1
20059004|_SUG_Arteria_afectada|Arteria cerebral media segmento M2|arteria m2
20059004|_SUG_Arteria_afectada|Arteria cerebral media segmento M2|m2
20059004|_SUG_Arteria_afectada|Arteria cerebral media segmento M3|arteria m3
20059004|_SUG_Arteria_afectada|Arteria cerebral media segmento M3|m3
20059004|_SUG_Arteria_afectada|Arteria cerebral media segmento M4|arteria m4
20059004|_SUG_Arteria_afectada|Arteria cerebral media segmento M4|m4
20059004|_SUG_Arteria_afectada|Arteria cerebral media segmento M5|arteria m5
20059004|_SUG_Arteria_afectada|Arteria cerebral media segmento M5|m5
20059004|_SUG_Arteria_afectada|Arteria cerebral media segmento M6|arteria m6
20059004|_SUG_Arteria_afectada|Arteria cerebral media segmento M6|m6
20059004|_SUG_Arteria_afectada|Arteria cerebral posterior|acp
20059004|_SUG_Arteria_afectada|Arteria cerebral posterior|arteria acp
20059004|_SUG_Arteria_afectada|Arteria cerebral posterior|arteria cerebral posterior
20059004|_SUG_Arteria_afectada|Arteria cerebral posterior|arteria cerebrales posteriores
20059004|_SUG_Arteria_afectada|Arteria cerebral posterior|cerebrales posteriores
20059004|_SUG_Arteria_afectada|Arteria circunferencial corta|a. circunferencial corta
20059004|_SUG_Arteria_afectada|Arteria circunferencial corta|a.circunferencial corta
20059004|_SUG_Arteria_afectada|Arteria coroidea anterior|a. coroidea ant
20059004|_SUG_Arteria_afectada|Arteria coroidea anterior|a.coroidea ant
20059004|_SUG_Arteria_afectada|Arteria coroidea anterior|arteria coroidea anterior
20059004|_SUG_Arteria_afectada|Arteria coroidea posterior|arteria coroidea posterior
20059004|_SUG_Arteria_afectada|Arteria lenticuloestriada|arteria lenticular estriadas
20059004|_SUG_Arteria_afectada|Arteria lenticuloestriada|arteria lenticular-estriadas
20059004|_SUG_Arteria_afectada|Arteria lenticuloestriada|arteria lenticuloestriada
20059004|_SUG_Arteria_afectada|Arteria lenticuloestriada|lenticular estriadas
20059004|_SUG_Arteria_afectada|Arteria lenticuloestriada|lenticular-estriadas
20059004|_SUG_Arteria_afectada|Arteria paramedia|a. paramedia
20059004|_SUG_Arteria_afectada|Arteria paramedia|art. paramedia
20059004|_SUG_Arteria_afectada|Arteria paramedia|arteria paramedia
20059004|_SUG_Arteria_afectada|Arteria paramediana|arteria paramediana
20059004|_SUG_Arteria_afectada|Arteria vertebral|art vertebral
20059004|_SUG_Arteria_afectada|Arteria vertebral|arteria vertebral
20059004|_SUG_Arteria_afectada|Arteria vertebral segmento V1|arteria v1
20059004|_SUG_Arteria_afectada|Arteria vertebral segmento V1|v1
20059004|_SUG_Arteria_afectada|Indeterminado|arteria indeterm i na do
20059004|_SUG_Arteria_afectada|Indeterminado|arteria indeterminado
20059004|_SUG_Arteria_afectada|Indeterminado|arteria no especif.
20059004|_SUG_Arteria_afectada|Indeterminado|arteria territorio indeterminado
20059004|_SUG_Arteria_afectada|Indeterminado|indeterm i na do
20059004|_SUG_Arteria_afectada|Indeterminado|indeterminado
20059004|_SUG_Arteria_afectada|Indeterminado|no especif.
20059004|_SUG_Arteria_afectada|Indeterminado|territorio indeterminado
20059004|_SUG_Arteria_afectada|Sistema vértebrobasilar|arteria vb
20059004|_SUG_Arteria_afectada|Sistema vértebrobasilar|arteria vertebr basilar
20059004|_SUG_Arteria_afectada|Sistema vértebrobasilar|arteria vertebro basilar
20059004|_SUG_Arteria_afectada|Sistema vértebrobasilar|arteria vertebro-basilar
20059004|_SUG_Arteria_afectada|Sistema vértebrobasilar|vertebro basilar
20059004|_SUG_Arteria_afectada|Sistema vértebrobasilar|arteria vertebrobasilar
20059004|_SUG_Arteria_afectada|Sistema vértebrobasilar|vb
C0000010|_SUG_ASPECTS|ASPECTS|aspects 0
C0000010|_SUG_ASPECTS|ASPECTS|aspects score 0
266257000|_SUG_Ataque_isquemico_transitorio|Ataque isquémico transitorio|accidente transitori isquemia
266257000|_SUG_Ataque_isquemico_transitorio|Ataque isquémico transitorio|ait
266257000|_SUG_Ataque_isquemico_transitorio|Ataque isquémico transitorio|aits
266257000|_SUG_Ataque_isquemico_transitorio|Ataque isquémico transitorio|ataque isquemia transitorio
266257000|_SUG_Ataque_isquemico_transitorio|Ataque isquémico transitorio|ictus isquemia minor
266257000|_SUG_Ataque_isquemico_transitorio|Ataque isquémico transitorio|ictus minor
266257000|_SUG_Ataque_isquemico_transitorio|Ataque isquémico transitorio|infarto clinicamente regresivo
266257000|_SUG_Ataque_isquemico_transitorio|Ataque isquémico transitorio|isquemia cerebral transitoria
266257000|_SUG_Ataque_isquemico_transitorio|Ataque isquémico transitorio|sindrome de alarma capsular
266257000|_SUG_Ataque_isquemico_transitorio|Ataque isquémico transitorio|sindrome sensitivo motor
266257000|_SUG_Ataque_isquemico_transitorio|Ataque isquémico transitorio|sindrome sensitivo-motor regresivo
266257000|_SUG_Ataque_isquemico_transitorio|Ataque isquémico transitorio|tia
134198009|_SUG_Etiologia|Aneurisma|aneurisma
134198009|_SUG_Etiologia|Aneurisma|causa aneurisma
134198009|_SUG_Etiologia|Aneurisma|causa posiblemente aneurisma
134198009|_SUG_Etiologia|Aneurisma|causa probablemente aneurisma
134198009|_SUG_Etiologia|Aneurisma|de origen aneurisma
134198009|_SUG_Etiologia|Aneurisma|de origen posiblemente aneurisma
134198009|_SUG_Etiologia|Aneurisma|de origen probablemente aneurisma
134198009|_SUG_Etiologia|Aneurisma|etiologia aneurisma
134198009|_SUG_Etiologia|Aneurisma|etiologia posiblemente aneurisma
134198009|_SUG_Etiologia|Aneurisma|etiologia probablemente aneurisma
134198009|_SUG_Etiologia|Aneurisma|origen aneurisma
134198009|_SUG_Etiologia|Aneurisma|origen posiblemente aneurisma
134198009|_SUG_Etiologia|Aneurisma|origen probablemente aneurisma
134198009|_SUG_Etiologia|Aneurisma|perfil aneurisma
134198009|_SUG_Etiologia|Aneurisma|perfil posiblemente aneurisma
134198009|_SUG_Etiologia|Aneurisma|perfil probablemente aneurisma
134198009|_SUG_Etiologia|Angiopatía amiloide|angiopatia amiloide
134198009|_SUG_Etiologia|Angiopatía amiloide|angiopatia amiloide cerebral
134198009|_SUG_Etiologia|Angiopatía amiloide|causa angiopatia amiloide
134198009|_SUG_Etiologia|Angiopatía amiloide|causa angiopatia amiloide cerebral
134198009|_SUG_Etiologia|Angiopatía amiloide|causa posiblemente angiopatia amiloide
134198009|_SUG_Etiologia|Angiopatía amiloide|causa posiblemente angiopatia amiloide cerebral
134198009|_SUG_Etiologia|Angiopatía amiloide|causa probablemente angiopatia amiloide
134198009|_SUG_Etiologia|Angiopatía amiloide|causa probablemente angiopatia amiloide cerebral
134198009|_SUG_Etiologia|Angiopatía amiloide|de origen angiopatia amiloide
134198009|_SUG_Etiologia|Angiopatía amiloide|de origen angiopatia amiloide cerebral
134198009|_SUG_Etiologia|Angiopatía amiloide|de origen posiblemente angiopatia amiloide
134198009|_SUG_Etiologia|Angiopatía amiloide|de origen posiblemente angiopatia amiloide cerebral
134198009|_SUG_Etiologia|Angiopatía amiloide|de origen probablemente angiopatia amiloide
134198009|_SUG_Etiologia|Angiopatía amiloide|de origen probablemente angiopatia amiloide cerebral
134198009|_SUG_Etiologia|Angiopatía amiloide|etiologia angiopatia amiloide
134198009|_SUG_Etiologia|Angiopatía amiloide|etiologia angiopatia amiloide cerebral
134198009|_SUG_Etiologia|Angiopatía amiloide|etiologia posiblemente angiopatia amiloide
134198009|_SUG_Etiologia|Angiopatía amiloide|etiologia posiblemente angiopatia amiloide cerebral
134198009|_SUG_Etiologia|Angiopatía amiloide|etiologia probablemente angiopatia amiloide
134198009|_SUG_Etiologia|Angiopatía amiloide|etiologia probablemente angiopatia amiloide cerebral
134198009|_SUG_Etiologia|Angiopatía amiloide|origen angiopatia amiloide
134198009|_SUG_Etiologia|Angiopatía amiloide|origen angiopatia amiloide cerebral
134198009|_SUG_Etiologia|Angiopatía amiloide|origen posiblemente angiopatia amiloide
134198009|_SUG_Etiologia|Angiopatía amiloide|origen posiblemente angiopatia amiloide cerebral
134198009|_SUG_Etiologia|Angiopatía amiloide|origen probablemente angiopatia amiloide
134198009|_SUG_Etiologia|Angiopatía amiloide|origen probablemente angiopatia amiloide cerebral
134198009|_SUG_Etiologia|Angiopatía amiloide|perfil angiopatia amiloide
134198009|_SUG_Etiologia|Angiopatía amiloide|perfil angiopatia amiloide cerebral
134198009|_SUG_Etiologia|Angiopatía amiloide|perfil posiblemente angiopatia amiloide
134198009|_SUG_Etiologia|Angiopatía amiloide|perfil posiblemente angiopatia amiloide cerebral
134198009|_SUG_Etiologia|Angiopatía amiloide|perfil probablemente angiopatia amiloide
134198009|_SUG_Etiologia|Angiopatía amiloide|perfil probablemente angiopatia amiloide cerebral
134198009|_SUG_Etiologia|Aterotrombótico/aterosclerótico|ateromatosis
134198009|_SUG_Etiologia|Aterotrombótico/aterosclerótico|aterosclerotico
134198009|_SUG_Etiologia|Aterotrombótico/aterosclerótico|aterotrombotico
134198009|_SUG_Etiologia|Aterotrombótico/aterosclerótico|causa ateromatosis
134198009|_SUG_Etiologia|Aterotrombótico/aterosclerótico|causa aterosclerotico
134198009|_SUG_Etiologia|Aterotrombótico/aterosclerótico|causa aterotrombotico
134198009|_SUG_Etiologia|Aterotrombótico/aterosclerótico|causa posiblemente ateromatosis
134198009|_SUG_Etiologia|Aterotrombótico/aterosclerótico|causa posiblemente aterosclerotico
134198009|_SUG_Etiologia|Aterotrombótico/aterosclerótico|causa posiblemente aterotrombotico
134198009|_SUG_Etiologia|Aterotrombótico/aterosclerótico|causa probablemente ateromatosis
134198009|_SUG_Etiologia|Aterotrombótico/aterosclerótico|causa probablemente aterosclerotico
134198009|_SUG_Etiologia|Aterotrombótico/aterosclerótico|causa probablemente aterotrombotico
134198009|_SUG_Etiologia|Aterotrombótico/aterosclerótico|de origen ateromatosis
134198009|_SUG_Etiologia|Aterotrombótico/aterosclerótico|de origen aterosclerotico
134198009|_SUG_Etiologia|Aterotrombótico/aterosclerótico|de origen aterotrombotico
134198009|_SUG_Etiologia|Aterotrombótico/aterosclerótico|de origen posiblemente ateromatosis
134198009|_SUG_Etiologia|Aterotrombótico/aterosclerótico|de origen posiblemente aterosclerotico
134198009|_SUG_Etiologia|Aterotrombótico/aterosclerótico|de origen posiblemente aterotrombotico
134198009|_SUG_Etiologia|Aterotrombótico/aterosclerótico|de origen probablemente ateromatosis
134198009|_SUG_Etiologia|Aterotrombótico/aterosclerótico|de origen probablemente aterosclerotico
134198009|_SUG_Etiologia|Aterotrombótico/aterosclerótico|de origen probablemente aterotrombotico
134198009|_SUG_Etiologia|Aterotrombótico/aterosclerótico|etiologia ateromatosis
134198009|_SUG_Etiologia|Aterotrombótico/aterosclerótico|etiologia aterosclerotico
134198009|_SUG_Etiologia|Aterotrombótico/aterosclerótico|etiologia aterotrombotico
134198009|_SUG_Etiologia|Aterotrombótico/aterosclerótico|etiologia posiblemente ateromatosis
134198009|_SUG_Etiologia|Aterotrombótico/aterosclerótico|etiologia posiblemente aterosclerotico
134198009|_SUG_Etiologia|Aterotrombótico/aterosclerótico|etiologia posiblemente aterotrombotico
134198009|_SUG_Etiologia|Aterotrombótico/aterosclerótico|etiologia probablemente ateromatosis
134198009|_SUG_Etiologia|Aterotrombótico/aterosclerótico|etiologia probablemente aterosclerotico
134198009|_SUG_Etiologia|Aterotrombótico/aterosclerótico|etiologia probablemente aterotrombotico
134198009|_SUG_Etiologia|Aterotrombótico/aterosclerótico|origen ateromatosis
134198009|_SUG_Etiologia|Aterotrombótico/aterosclerótico|origen aterosclerotico
134198009|_SUG_Etiologia|Aterotrombótico/aterosclerótico|origen aterotrombotico
134198009|_SUG_Etiologia|Aterotrombótico/aterosclerótico|origen posiblemente ateromatosis
134198009|_SUG_Etiologia|Aterotrombótico/aterosclerótico|origen posiblemente aterosclerotico
134198009|_SUG_Etiologia|Aterotrombótico/aterosclerótico|origen posiblemente aterotrombotico
134198009|_SUG_Etiologia|Aterotrombótico/aterosclerótico|origen probablemente ateromatosis
134198009|_SUG_Etiologia|Aterotrombótico/aterosclerótico|origen probablemente aterosclerotico
134198009|_SUG_Etiologia|Aterotrombótico/aterosclerótico|origen probablemente aterotrombotico
134198009|_SUG_Etiologia|Aterotrombótico/aterosclerótico|perfil ateromatosis
134198009|_SUG_Etiologia|Aterotrombótico/aterosclerótico|perfil aterosclerotico
134198009|_SUG_Etiologia|Aterotrombótico/aterosclerótico|perfil aterotrombotico
134198009|_SUG_Etiologia|Aterotrombótico/aterosclerótico|perfil posiblemente ateromatosis
134198009|_SUG_Etiologia|Aterotrombótico/aterosclerótico|perfil posiblemente aterosclerotico
134198009|_SUG_Etiologia|Aterotrombótico/aterosclerótico|perfil posiblemente aterotrombotico
134198009|_SUG_Etiologia|Aterotrombótico/aterosclerótico|perfil probablemente ateromatosis
134198009|_SUG_Etiologia|Aterotrombótico/aterosclerótico|perfil probablemente aterosclerotico
134198009|_SUG_Etiologia|Aterotrombótico/aterosclerótico|perfil probablemente aterotrombotico
134198009|_SUG_Etiologia|Cardioembólico (CE)|cardiaco
134198009|_SUG_Etiologia|Cardioembólico (CE)|cardio embolico
134198009|_SUG_Etiologia|Cardioembólico (CE)|causa cardiaco
134198009|_SUG_Etiologia|Cardioembólico (CE)|causa cardio embolico
134198009|_SUG_Etiologia|Cardioembólico (CE)|causa cardioemebolico
134198009|_SUG_Etiologia|Cardioembólico (CE)|causa ce
134198009|_SUG_Etiologia|Cardioembólico (CE)|causa embolica
134198009|_SUG_Etiologia|Cardioembólico (CE)|causa embolico
134198009|_SUG_Etiologia|Cardioembólico (CE)|causa embolismo paradojico
134198009|_SUG_Etiologia|Cardioembólico (CE)|causa mecanisme embolic
134198009|_SUG_Etiologia|Cardioembólico (CE)|causa posiblemente cardiaco
134198009|_SUG_Etiologia|Cardioembólico (CE)|causa posiblemente cardio embolico
134198009|_SUG_Etiologia|Cardioembólico (CE)|causa posiblemente cardioemebolico
134198009|_SUG_Etiologia|Cardioembólico (CE)|causa posiblemente ce
134198009|_SUG_Etiologia|Cardioembólico (CE)|causa posiblemente embolico
134198009|_SUG_Etiologia|Cardioembólico (CE)|causa posiblemente embolismo paradojico
134198009|_SUG_Etiologia|Cardioembólico (CE)|causa posiblemente mecanisme embolic
134198009|_SUG_Etiologia|Cardioembólico (CE)|causa probablemente cardiaco
134198009|_SUG_Etiologia|Cardioembólico (CE)|causa probablemente cardio embolico
134198009|_SUG_Etiologia|Cardioembólico (CE)|causa probablemente cardioemebolico
134198009|_SUG_Etiologia|Cardioembólico (CE)|causa probablemente ce
134198009|_SUG_Etiologia|Cardioembólico (CE)|causa probablemente embolico
134198009|_SUG_Etiologia|Cardioembólico (CE)|causa probablemente embolismo paradojico
134198009|_SUG_Etiologia|Cardioembólico (CE)|causa probablemente mecanisme embolic
134198009|_SUG_Etiologia|Cardioembólico (CE)|ce
134198009|_SUG_Etiologia|Cardioembólico (CE)|de origen cardiaco
134198009|_SUG_Etiologia|Cardioembólico (CE)|de origen cardio embolico
134198009|_SUG_Etiologia|Cardioembólico (CE)|de origen cardioemebolico
134198009|_SUG_Etiologia|Cardioembólico (CE)|de origen ce
134198009|_SUG_Etiologia|Cardioembólico (CE)|de origen embolico
134198009|_SUG_Etiologia|Cardioembólico (CE)|de origen embolismo paradojico
134198009|_SUG_Etiologia|Cardioembólico (CE)|de origen mecanisme embolic
134198009|_SUG_Etiologia|Cardioembólico (CE)|de origen posiblemente cardiaco
134198009|_SUG_Etiologia|Cardioembólico (CE)|de origen posiblemente cardio embolico
134198009|_SUG_Etiologia|Cardioembólico (CE)|de origen posiblemente cardioemebolico
134198009|_SUG_Etiologia|Cardioembólico (CE)|de origen posiblemente ce
134198009|_SUG_Etiologia|Cardioembólico (CE)|de origen posiblemente embolico
134198009|_SUG_Etiologia|Cardioembólico (CE)|de origen posiblemente embolismo paradojico
134198009|_SUG_Etiologia|Cardioembólico (CE)|de origen posiblemente mecanisme embolic
134198009|_SUG_Etiologia|Cardioembólico (CE)|de origen probablemente cardiaco
134198009|_SUG_Etiologia|Cardioembólico (CE)|de origen probablemente cardio embolico
134198009|_SUG_Etiologia|Cardioembólico (CE)|de origen probablemente cardioemebolico
134198009|_SUG_Etiologia|Cardioembólico (CE)|de origen probablemente ce
134198009|_SUG_Etiologia|Cardioembólico (CE)|de origen probablemente embolico
134198009|_SUG_Etiologia|Cardioembólico (CE)|de origen probablemente embolismo paradojico
134198009|_SUG_Etiologia|Cardioembólico (CE)|de origen probablemente mecanisme embolic
134198009|_SUG_Etiologia|Cardioembólico (CE)|embolica
134198009|_SUG_Etiologia|Cardioembólico (CE)|embolico
134198009|_SUG_Etiologia|Cardioembólico (CE)|embolismo paradojico
134198009|_SUG_Etiologia|Cardioembólico (CE)|etiologia cardiaco
134198009|_SUG_Etiologia|Cardioembólico (CE)|etiologia cardio embolico
134198009|_SUG_Etiologia|Cardioembólico (CE)|etiologia cardioemebolico
134198009|_SUG_Etiologia|Cardioembólico (CE)|etiologia ce
134198009|_SUG_Etiologia|Cardioembólico (CE)|etiologia embolico
134198009|_SUG_Etiologia|Cardioembólico (CE)|etiologia embolismo paradojico
134198009|_SUG_Etiologia|Cardioembólico (CE)|etiologia mecanisme embolic
134198009|_SUG_Etiologia|Cardioembólico (CE)|etiologia posiblemente cardiaco
134198009|_SUG_Etiologia|Cardioembólico (CE)|etiologia posiblemente cardio embolico
134198009|_SUG_Etiologia|Cardioembólico (CE)|etiologia posiblemente cardioemebolico
134198009|_SUG_Etiologia|Cardioembólico (CE)|etiologia posiblemente ce
134198009|_SUG_Etiologia|Cardioembólico (CE)|etiologia posiblemente embolico
134198009|_SUG_Etiologia|Cardioembólico (CE)|etiologia posiblemente embolismo paradojico
134198009|_SUG_Etiologia|Cardioembólico (CE)|etiologia posiblemente mecanisme embolic
134198009|_SUG_Etiologia|Cardioembólico (CE)|etiologia probablemente cardiaco
134198009|_SUG_Etiologia|Cardioembólico (CE)|etiologia probablemente cardio embolico
134198009|_SUG_Etiologia|Cardioembólico (CE)|etiologia probablemente cardioemebolico
134198009|_SUG_Etiologia|Cardioembólico (CE)|etiologia probablemente ce
134198009|_SUG_Etiologia|Cardioembólico (CE)|etiologia probablemente embolico
134198009|_SUG_Etiologia|Cardioembólico (CE)|etiologia probablemente embolismo paradojico
134198009|_SUG_Etiologia|Cardioembólico (CE)|etiologia probablemente mecanisme embolic
134198009|_SUG_Etiologia|Cardioembólico (CE)|mecanisme embolic
134198009|_SUG_Etiologia|Cardioembólico (CE)|origen cardiaco
134198009|_SUG_Etiologia|Cardioembólico (CE)|origen cardio embolico
134198009|_SUG_Etiologia|Cardioembólico (CE)|origen cardioemebolico
134198009|_SUG_Etiologia|Cardioembólico (CE)|origen ce
134198009|_SUG_Etiologia|Cardioembólico (CE)|origen embolico
134198009|_SUG_Etiologia|Cardioembólico (CE)|origen embolismo paradojico
134198009|_SUG_Etiologia|Cardioembólico (CE)|origen mecanisme embolic
134198009|_SUG_Etiologia|Cardioembólico (CE)|origen posiblemente cardiaco
134198009|_SUG_Etiologia|Cardioembólico (CE)|origen posiblemente cardio embolico
134198009|_SUG_Etiologia|Cardioembólico (CE)|origen posiblemente cardioemebolico
134198009|_SUG_Etiologia|Cardioembólico (CE)|origen posiblemente ce
134198009|_SUG_Etiologia|Cardioembólico (CE)|origen posiblemente embolico
134198009|_SUG_Etiologia|Cardioembólico (CE)|origen posiblemente embolismo paradojico
134198009|_SUG_Etiologia|Cardioembólico (CE)|origen posiblemente mecanisme embolic
134198009|_SUG_Etiologia|Cardioembólico (CE)|origen probablemente cardiaco
134198009|_SUG_Etiologia|Cardioembólico (CE)|origen probablemente cardio embolico
134198009|_SUG_Etiologia|Cardioembólico (CE)|origen probablemente cardioemebolico
134198009|_SUG_Etiologia|Cardioembólico (CE)|origen probablemente ce
134198009|_SUG_Etiologia|Cardioembólico (CE)|origen probablemente embolico
134198009|_SUG_Etiologia|Cardioembólico (CE)|origen probablemente embolismo paradojico
134198009|_SUG_Etiologia|Cardioembólico (CE)|origen probablemente mecanisme embolic
134198009|_SUG_Etiologia|Cardioembólico (CE)|perfil cardiaco
134198009|_SUG_Etiologia|Cardioembólico (CE)|perfil cardio embolico
134198009|_SUG_Etiologia|Cardioembólico (CE)|perfil cardioemebolico
134198009|_SUG_Etiologia|Cardioembólico (CE)|perfil ce
134198009|_SUG_Etiologia|Cardioembólico (CE)|perfil embolico
134198009|_SUG_Etiologia|Cardioembólico (CE)|perfil embolismo paradojico
134198009|_SUG_Etiologia|Cardioembólico (CE)|perfil mecanisme embolic
134198009|_SUG_Etiologia|Cardioembólico (CE)|perfil posiblemente cardiaco
134198009|_SUG_Etiologia|Cardioembólico (CE)|perfil posiblemente cardio embolico
134198009|_SUG_Etiologia|Cardioembólico (CE)|perfil posiblemente cardioemebolico
134198009|_SUG_Etiologia|Cardioembólico (CE)|perfil posiblemente ce
134198009|_SUG_Etiologia|Cardioembólico (CE)|perfil posiblemente embolico
134198009|_SUG_Etiologia|Cardioembólico (CE)|perfil posiblemente embolismo paradojico
134198009|_SUG_Etiologia|Cardioembólico (CE)|perfil posiblemente mecanisme embolic
134198009|_SUG_Etiologia|Cardioembólico (CE)|perfil probablemente cardiaco
134198009|_SUG_Etiologia|Cardioembólico (CE)|perfil probablemente cardio embolico
134198009|_SUG_Etiologia|Cardioembólico (CE)|perfil probablemente cardioemebolico
134198009|_SUG_Etiologia|Cardioembólico (CE)|perfil probablemente ce
134198009|_SUG_Etiologia|Cardioembólico (CE)|perfil probablemente embolico
134198009|_SUG_Etiologia|Cardioembólico (CE)|perfil probablemente embolismo paradojico
134198009|_SUG_Etiologia|Cardioembólico (CE)|perfil probablemente mecanisme embolic
134198009|_SUG_Etiologia|Hipertensiva|causa hipertensivo
134198009|_SUG_Etiologia|Hipertensiva|causa posiblemente hipertensivo
134198009|_SUG_Etiologia|Hipertensiva|causa probablemente hipertensivo
134198009|_SUG_Etiologia|Hipertensiva|de origen hipertensivo
134198009|_SUG_Etiologia|Hipertensiva|de origen posiblemente hipertensivo
134198009|_SUG_Etiologia|Hipertensiva|de origen probablemente hipertensivo
134198009|_SUG_Etiologia|Hipertensiva|etiologia hipertensivo
134198009|_SUG_Etiologia|Hipertensiva|etiologia posiblemente hipertensivo
134198009|_SUG_Etiologia|Hipertensiva|etiologia probablemente hipertensivo
134198009|_SUG_Etiologia|Hipertensiva|hipertensivo
134198009|_SUG_Etiologia|Hipertensiva|origen hipertensivo
134198009|_SUG_Etiologia|Hipertensiva|origen posiblemente hipertensivo
134198009|_SUG_Etiologia|Hipertensiva|origen probablemente hipertensivo
134198009|_SUG_Etiologia|Hipertensiva|perfil hipertensivo
134198009|_SUG_Etiologia|Hipertensiva|perfil posiblemente hipertensivo
134198009|_SUG_Etiologia|Hipertensiva|perfil probablemente hipertensivo
134198009|_SUG_Etiologia|Indeterminada|a estudio
134198009|_SUG_Etiologia|Indeterminada|causa a estudio
134198009|_SUG_Etiologia|Indeterminada|causa no determinada
134198009|_SUG_Etiologia|Indeterminada|causa por determinar
134198009|_SUG_Etiologia|Indeterminada|causa posiblemente a estudio
134198009|_SUG_Etiologia|Indeterminada|causa posiblemente no determinada
134198009|_SUG_Etiologia|Indeterminada|causa posiblemente por determinar
134198009|_SUG_Etiologia|Indeterminada|causa probablemente a estudio
134198009|_SUG_Etiologia|Indeterminada|causa probablemente no determinada
134198009|_SUG_Etiologia|Indeterminada|causa probablemente por determinar
134198009|_SUG_Etiologia|Indeterminada|de origen a estudio
134198009|_SUG_Etiologia|Indeterminada|de origen no determinada
134198009|_SUG_Etiologia|Indeterminada|de origen por determinar
134198009|_SUG_Etiologia|Indeterminada|de origen posiblemente a estudio
134198009|_SUG_Etiologia|Indeterminada|de origen posiblemente no determinada
134198009|_SUG_Etiologia|Indeterminada|de origen posiblemente por determinar
134198009|_SUG_Etiologia|Indeterminada|de origen probablemente a estudio
134198009|_SUG_Etiologia|Indeterminada|de origen probablemente no determinada
134198009|_SUG_Etiologia|Indeterminada|de origen probablemente por determinar
134198009|_SUG_Etiologia|Indeterminada|etiologia a estudio
134198009|_SUG_Etiologia|Indeterminada|etiologia no determinada
134198009|_SUG_Etiologia|Indeterminada|etiologia por determinar
134198009|_SUG_Etiologia|Indeterminada|etiologia posiblemente a estudio
134198009|_SUG_Etiologia|Indeterminada|etiologia posiblemente no determinada
134198009|_SUG_Etiologia|Indeterminada|etiologia posiblemente por determinar
134198009|_SUG_Etiologia|Indeterminada|etiologia probablemente a estudio
134198009|_SUG_Etiologia|Indeterminada|etiologia probablemente no determinada
134198009|_SUG_Etiologia|Indeterminada|etiologia probablemente por determinar
134198009|_SUG_Etiologia|Indeterminada|no determinada
134198009|_SUG_Etiologia|Indeterminada|origen a estudio
134198009|_SUG_Etiologia|Indeterminada|origen no determinada
134198009|_SUG_Etiologia|Indeterminada|origen por determinar
134198009|_SUG_Etiologia|Indeterminada|origen posiblemente a estudio
134198009|_SUG_Etiologia|Indeterminada|origen posiblemente no determinada
134198009|_SUG_Etiologia|Indeterminada|origen posiblemente por determinar
134198009|_SUG_Etiologia|Indeterminada|origen probablemente a estudio
134198009|_SUG_Etiologia|Indeterminada|origen probablemente no determinada
134198009|_SUG_Etiologia|Indeterminada|origen probablemente por determinar
134198009|_SUG_Etiologia|Indeterminada|perfil a estudio
134198009|_SUG_Etiologia|Indeterminada|perfil no determinada
134198009|_SUG_Etiologia|Indeterminada|perfil por determinar
134198009|_SUG_Etiologia|Indeterminada|perfil posiblemente a estudio
134198009|_SUG_Etiologia|Indeterminada|perfil posiblemente no determinada
134198009|_SUG_Etiologia|Indeterminada|perfil posiblemente por determinar
134198009|_SUG_Etiologia|Indeterminada|perfil probablemente a estudio
134198009|_SUG_Etiologia|Indeterminada|perfil probablemente no determinada
134198009|_SUG_Etiologia|Indeterminada|perfil probablemente por determinar
134198009|_SUG_Etiologia|Indeterminada|por determinar
134198009|_SUG_Etiologia|Indeterminado de causa doble|causa indeterminado de causa doble
134198009|_SUG_Etiologia|Indeterminado de causa doble|causa indeterminado por doble causa
134198009|_SUG_Etiologia|Indeterminado de causa doble|causa posiblemente indeterminado de causa doble
134198009|_SUG_Etiologia|Indeterminado de causa doble|causa posiblemente indeterminado por doble causa
134198009|_SUG_Etiologia|Indeterminado de causa doble|causa probablemente indeterminado de causa doble
134198009|_SUG_Etiologia|Indeterminado de causa doble|causa probablemente indeterminado por doble causa
134198009|_SUG_Etiologia|Indeterminado de causa doble|de origen indeterminado de causa doble
134198009|_SUG_Etiologia|Indeterminado de causa doble|de origen indeterminado por doble causa
134198009|_SUG_Etiologia|Indeterminado de causa doble|de origen posiblemente indeterminado de causa doble
134198009|_SUG_Etiologia|Indeterminado de causa doble|de origen posiblemente indeterminado por doble causa
134198009|_SUG_Etiologia|Indeterminado de causa doble|de origen probablemente indeterminado de causa doble
134198009|_SUG_Etiologia|Indeterminado de causa doble|de origen probablemente indeterminado por doble causa
134198009|_SUG_Etiologia|Indeterminado de causa doble|etiologia indeterminado de causa doble
134198009|_SUG_Etiologia|Indeterminado de causa doble|etiologia indeterminado por doble causa
134198009|_SUG_Etiologia|Indeterminado de causa doble|etiologia posiblemente indeterminado de causa doble
134198009|_SUG_Etiologia|Indeterminado de causa doble|etiologia posiblemente indeterminado por doble causa
134198009|_SUG_Etiologia|Indeterminado de causa doble|etiologia probablemente indeterminado de causa doble
134198009|_SUG_Etiologia|Indeterminado de causa doble|etiologia probablemente indeterminado por doble causa
134198009|_SUG_Etiologia|Indeterminado de causa doble|indeterminado de causa doble
134198009|_SUG_Etiologia|Indeterminado de causa doble|indeterminado por doble causa
134198009|_SUG_Etiologia|Indeterminado de causa doble|origen indeterminado de causa doble
134198009|_SUG_Etiologia|Indeterminado de causa doble|origen indeterminado por doble causa
134198009|_SUG_Etiologia|Indeterminado de causa doble|origen posiblemente indeterminado de causa doble
134198009|_SUG_Etiologia|Indeterminado de causa doble|origen posiblemente indeterminado por doble causa
134198009|_SUG_Etiologia|Indeterminado de causa doble|origen probablemente indeterminado de causa doble
134198009|_SUG_Etiologia|Indeterminado de causa doble|origen probablemente indeterminado por doble causa
134198009|_SUG_Etiologia|Indeterminado de causa doble|perfil indeterminado de causa doble
134198009|_SUG_Etiologia|Indeterminado de causa doble|perfil indeterminado por doble causa
134198009|_SUG_Etiologia|Indeterminado de causa doble|perfil posiblemente indeterminado de causa doble
134198009|_SUG_Etiologia|Indeterminado de causa doble|perfil posiblemente indeterminado por doble causa
134198009|_SUG_Etiologia|Indeterminado de causa doble|perfil probablemente indeterminado de causa doble
134198009|_SUG_Etiologia|Indeterminado de causa doble|perfil probablemente indeterminado por doble causa
134198009|_SUG_Etiologia|Indeterminado por estudio incompleto|causa con estudio incompleto
134198009|_SUG_Etiologia|Indeterminado por estudio incompleto|causa indeterminada per estudi incomplet
134198009|_SUG_Etiologia|Indeterminado por estudio incompleto|causa indeterminado (estudio incompleto)
134198009|_SUG_Etiologia|Indeterminado por estudio incompleto|causa indeterminado pendiente de estudio
134198009|_SUG_Etiologia|Indeterminado por estudio incompleto|causa indeterminado por estudio incompleto
134198009|_SUG_Etiologia|Indeterminado por estudio incompleto|causa pendent de completar l'estudi
134198009|_SUG_Etiologia|Indeterminado por estudio incompleto|causa pendent de filiacio
134198009|_SUG_Etiologia|Indeterminado por estudio incompleto|causa posiblemente con estudio incompleto
134198009|_SUG_Etiologia|Indeterminado por estudio incompleto|causa posiblemente indeterminada per estudi incomplet
134198009|_SUG_Etiologia|Indeterminado por estudio incompleto|causa posiblemente indeterminado (estudio incompleto)
134198009|_SUG_Etiologia|Indeterminado por estudio incompleto|causa posiblemente indeterminado pendiente de estudio
134198009|_SUG_Etiologia|Indeterminado por estudio incompleto|causa posiblemente indeterminado por estudio incompleto
134198009|_SUG_Etiologia|Indeterminado por estudio incompleto|causa posiblemente pendent de completar l'estudi
134198009|_SUG_Etiologia|Indeterminado por estudio incompleto|causa posiblemente pendent de filiacio
134198009|_SUG_Etiologia|Indeterminado por estudio incompleto|causa probablemente con estudio incompleto
134198009|_SUG_Etiologia|Indeterminado por estudio incompleto|causa probablemente indeterminada per estudi incomplet
134198009|_SUG_Etiologia|Indeterminado por estudio incompleto|causa probablemente indeterminado (estudio incompleto)
134198009|_SUG_Etiologia|Indeterminado por estudio incompleto|causa probablemente indeterminado pendiente de estudio
134198009|_SUG_Etiologia|Indeterminado por estudio incompleto|causa probablemente indeterminado por estudio incompleto
134198009|_SUG_Etiologia|Indeterminado por estudio incompleto|causa probablemente pendent de completar l'estudi
134198009|_SUG_Etiologia|Indeterminado por estudio incompleto|causa probablemente pendent de filiacio
134198009|_SUG_Etiologia|Indeterminado por estudio incompleto|con estudio incompleto
134198009|_SUG_Etiologia|Indeterminado por estudio incompleto|de origen con estudio incompleto
134198009|_SUG_Etiologia|Indeterminado por estudio incompleto|de origen indeterminada per estudi incomplet
134198009|_SUG_Etiologia|Indeterminado por estudio incompleto|de origen indeterminado (estudio incompleto)
134198009|_SUG_Etiologia|Indeterminado por estudio incompleto|de origen indeterminado pendiente de estudio
134198009|_SUG_Etiologia|Indeterminado por estudio incompleto|de origen indeterminado por estudio incompleto
134198009|_SUG_Etiologia|Indeterminado por estudio incompleto|de origen pendent de completar l'estudi
134198009|_SUG_Etiologia|Indeterminado por estudio incompleto|de origen pendent de filiacio
134198009|_SUG_Etiologia|Indeterminado por estudio incompleto|de origen posiblemente con estudio incompleto
134198009|_SUG_Etiologia|Indeterminado por estudio incompleto|de origen posiblemente indeterminada per estudi incomplet
134198009|_SUG_Etiologia|Indeterminado por estudio incompleto|de origen posiblemente indeterminado (estudio incompleto)
134198009|_SUG_Etiologia|Indeterminado por estudio incompleto|de origen posiblemente indeterminado pendiente de estudio
134198009|_SUG_Etiologia|Indeterminado por estudio incompleto|de origen posiblemente indeterminado por estudio incompleto
134198009|_SUG_Etiologia|Indeterminado por estudio incompleto|de origen posiblemente pendent de completar l'estudi
134198009|_SUG_Etiologia|Indeterminado por estudio incompleto|de origen posiblemente pendent de filiacio
134198009|_SUG_Etiologia|Indeterminado por estudio incompleto|de origen probablemente con estudio incompleto
134198009|_SUG_Etiologia|Indeterminado por estudio incompleto|de origen probablemente indeterminada per estudi incomplet
134198009|_SUG_Etiologia|Indeterminado por estudio incompleto|de origen probablemente indeterminado (estudio incompleto)
134198009|_SUG_Etiologia|Indeterminado por estudio incompleto|de origen probablemente indeterminado pendiente de estudio
134198009|_SUG_Etiologia|Indeterminado por estudio incompleto|de origen probablemente indeterminado por estudio incompleto
134198009|_SUG_Etiologia|Indeterminado por estudio incompleto|de origen probablemente pendent de completar l'estudi
134198009|_SUG_Etiologia|Indeterminado por estudio incompleto|de origen probablemente pendent de filiacio
134198009|_SUG_Etiologia|Indeterminado por estudio incompleto|etiologia con estudio incompleto
134198009|_SUG_Etiologia|Indeterminado por estudio incompleto|etiologia indeterminada per estudi incomplet
134198009|_SUG_Etiologia|Indeterminado por estudio incompleto|etiologia indeterminado (estudio incompleto)
134198009|_SUG_Etiologia|Indeterminado por estudio incompleto|etiologia indeterminado pendiente de estudio
134198009|_SUG_Etiologia|Indeterminado por estudio incompleto|etiologia indeterminado por estudio incompleto
134198009|_SUG_Etiologia|Indeterminado por estudio incompleto|etiologia pendent de completar l'estudi
134198009|_SUG_Etiologia|Indeterminado por estudio incompleto|etiologia pendent de filiacio
134198009|_SUG_Etiologia|Indeterminado por estudio incompleto|etiologia posiblemente con estudio incompleto
134198009|_SUG_Etiologia|Indeterminado por estudio incompleto|etiologia posiblemente indeterminada per estudi incomplet
134198009|_SUG_Etiologia|Indeterminado por estudio incompleto|etiologia posiblemente indeterminado (estudio incompleto)
134198009|_SUG_Etiologia|Indeterminado por estudio incompleto|etiologia posiblemente indeterminado pendiente de estudio
134198009|_SUG_Etiologia|Indeterminado por estudio incompleto|etiologia posiblemente indeterminado por estudio incompleto
134198009|_SUG_Etiologia|Indeterminado por estudio incompleto|etiologia posiblemente pendent de completar l'estudi
134198009|_SUG_Etiologia|Indeterminado por estudio incompleto|etiologia posiblemente pendent de filiacio
134198009|_SUG_Etiologia|Indeterminado por estudio incompleto|etiologia probablemente con estudio incompleto
134198009|_SUG_Etiologia|Indeterminado por estudio incompleto|etiologia probablemente indeterminada per estudi incomplet
134198009|_SUG_Etiologia|Indeterminado por estudio incompleto|etiologia probablemente indeterminado (estudio incompleto)
134198009|_SUG_Etiologia|Indeterminado por estudio incompleto|etiologia probablemente indeterminado pendiente de estudio
134198009|_SUG_Etiologia|Indeterminado por estudio incompleto|etiologia probablemente indeterminado por estudio incompleto
134198009|_SUG_Etiologia|Indeterminado por estudio incompleto|etiologia probablemente pendent de completar l'estudi
134198009|_SUG_Etiologia|Indeterminado por estudio incompleto|etiologia probablemente pendent de filiacio
134198009|_SUG_Etiologia|Indeterminado por estudio incompleto|indeterminada per estudi incomplet
134198009|_SUG_Etiologia|Indeterminado por estudio incompleto|indeterminado (estudio incompleto)
134198009|_SUG_Etiologia|Indeterminado por estudio incompleto|indeterminado pendiente de estudio
134198009|_SUG_Etiologia|Indeterminado por estudio incompleto|indeterminado por estudio incompleto
134198009|_SUG_Etiologia|Indeterminado por estudio incompleto|origen con estudio incompleto
134198009|_SUG_Etiologia|Indeterminado por estudio incompleto|origen indeterminada per estudi incomplet
134198009|_SUG_Etiologia|Indeterminado por estudio incompleto|origen indeterminado (estudio incompleto)
134198009|_SUG_Etiologia|Indeterminado por estudio incompleto|origen indeterminado pendiente de estudio
134198009|_SUG_Etiologia|Indeterminado por estudio incompleto|origen indeterminado por estudio incompleto
134198009|_SUG_Etiologia|Indeterminado por estudio incompleto|origen pendent de completar l'estudi
134198009|_SUG_Etiologia|Indeterminado por estudio incompleto|origen pendent de filiacio
134198009|_SUG_Etiologia|Indeterminado por estudio incompleto|origen posiblemente con estudio incompleto
134198009|_SUG_Etiologia|Indeterminado por estudio incompleto|origen posiblemente indeterminada per estudi incomplet
134198009|_SUG_Etiologia|Indeterminado por estudio incompleto|origen posiblemente indeterminado (estudio incompleto)
134198009|_SUG_Etiologia|Indeterminado por estudio incompleto|origen posiblemente indeterminado pendiente de estudio
134198009|_SUG_Etiologia|Indeterminado por estudio incompleto|origen posiblemente indeterminado por estudio incompleto
134198009|_SUG_Etiologia|Indeterminado por estudio incompleto|origen posiblemente pendent de completar l'estudi
134198009|_SUG_Etiologia|Indeterminado por estudio incompleto|origen posiblemente pendent de filiacio
134198009|_SUG_Etiologia|Indeterminado por estudio incompleto|origen probablemente con estudio incompleto
134198009|_SUG_Etiologia|Indeterminado por estudio incompleto|origen probablemente indeterminada per estudi incomplet
134198009|_SUG_Etiologia|Indeterminado por estudio incompleto|origen probablemente indeterminado (estudio incompleto)
134198009|_SUG_Etiologia|Indeterminado por estudio incompleto|origen probablemente indeterminado pendiente de estudio
134198009|_SUG_Etiologia|Indeterminado por estudio incompleto|origen probablemente indeterminado por estudio incompleto
134198009|_SUG_Etiologia|Indeterminado por estudio incompleto|origen probablemente pendent de completar l'estudi
134198009|_SUG_Etiologia|Indeterminado por estudio incompleto|origen probablemente pendent de filiacio
134198009|_SUG_Etiologia|Indeterminado por estudio incompleto|pendent de completar l'estudi
134198009|_SUG_Etiologia|Indeterminado por estudio incompleto|pendent de filiacio
134198009|_SUG_Etiologia|Indeterminado por estudio incompleto|perfil con estudio incompleto
134198009|_SUG_Etiologia|Indeterminado por estudio incompleto|perfil indeterminada per estudi incomplet
134198009|_SUG_Etiologia|Indeterminado por estudio incompleto|perfil indeterminado (estudio incompleto)
134198009|_SUG_Etiologia|Indeterminado por estudio incompleto|perfil indeterminado pendiente de estudio
134198009|_SUG_Etiologia|Indeterminado por estudio incompleto|perfil indeterminado por estudio incompleto
134198009|_SUG_Etiologia|Indeterminado por estudio incompleto|perfil pendent de completar l'estudi
134198009|_SUG_Etiologia|Indeterminado por estudio incompleto|perfil pendent de filiacio
134198009|_SUG_Etiologia|Indeterminado por estudio incompleto|perfil posiblemente con estudio incompleto
134198009|_SUG_Etiologia|Indeterminado por estudio incompleto|perfil posiblemente indeterminada per estudi incomplet
134198009|_SUG_Etiologia|Indeterminado por estudio incompleto|perfil posiblemente indeterminado (estudio incompleto)
134198009|_SUG_Etiologia|Indeterminado por estudio incompleto|perfil posiblemente indeterminado pendiente de estudio
134198009|_SUG_Etiologia|Indeterminado por estudio incompleto|perfil posiblemente indeterminado por estudio incompleto
134198009|_SUG_Etiologia|Indeterminado por estudio incompleto|perfil posiblemente pendent de completar l'estudi
134198009|_SUG_Etiologia|Indeterminado por estudio incompleto|perfil posiblemente pendent de filiacio
134198009|_SUG_Etiologia|Indeterminado por estudio incompleto|perfil probablemente con estudio incompleto
134198009|_SUG_Etiologia|Indeterminado por estudio incompleto|perfil probablemente indeterminada per estudi incomplet
134198009|_SUG_Etiologia|Indeterminado por estudio incompleto|perfil probablemente indeterminado (estudio incompleto)
134198009|_SUG_Etiologia|Indeterminado por estudio incompleto|perfil probablemente indeterminado pendiente de estudio
134198009|_SUG_Etiologia|Indeterminado por estudio incompleto|perfil probablemente indeterminado por estudio incompleto
134198009|_SUG_Etiologia|Indeterminado por estudio incompleto|perfil probablemente pendent de completar l'estudi
134198009|_SUG_Etiologia|Indeterminado por estudio incompleto|perfil probablemente pendent de filiacio
134198009|_SUG_Etiologia|Indeterminado/ESUS|causa criptogenico
134198009|_SUG_Etiologia|Indeterminado/ESUS|causa esus
134198009|_SUG_Etiologia|Indeterminado/ESUS|causa indeterminado
134198009|_SUG_Etiologia|Indeterminado/ESUS|causa posiblemente criptogenico
134198009|_SUG_Etiologia|Indeterminado/ESUS|causa posiblemente esus
134198009|_SUG_Etiologia|Indeterminado/ESUS|causa posiblemente indeterminado
134198009|_SUG_Etiologia|Indeterminado/ESUS|causa probablemente criptogenico
134198009|_SUG_Etiologia|Indeterminado/ESUS|causa probablemente esus
134198009|_SUG_Etiologia|Indeterminado/ESUS|causa probablemente indeterminado
134198009|_SUG_Etiologia|Indeterminado/ESUS|criptogenico
134198009|_SUG_Etiologia|Indeterminado/ESUS|de origen criptogenico
134198009|_SUG_Etiologia|Indeterminado/ESUS|de origen esus
134198009|_SUG_Etiologia|Indeterminado/ESUS|de origen indeterminado
134198009|_SUG_Etiologia|Indeterminado/ESUS|de origen posiblemente criptogenico
134198009|_SUG_Etiologia|Indeterminado/ESUS|de origen posiblemente esus
134198009|_SUG_Etiologia|Indeterminado/ESUS|de origen posiblemente indeterminado
134198009|_SUG_Etiologia|Indeterminado/ESUS|de origen probablemente criptogenico
134198009|_SUG_Etiologia|Indeterminado/ESUS|de origen probablemente esus
134198009|_SUG_Etiologia|Indeterminado/ESUS|de origen probablemente indeterminado
134198009|_SUG_Etiologia|Indeterminado/ESUS|esus
134198009|_SUG_Etiologia|Indeterminado/ESUS|etiologia criptogenico
134198009|_SUG_Etiologia|Indeterminado/ESUS|etiologia esus
134198009|_SUG_Etiologia|Indeterminado/ESUS|etiologia indeterminado
134198009|_SUG_Etiologia|Indeterminado/ESUS|etiologia posiblemente criptogenico
134198009|_SUG_Etiologia|Indeterminado/ESUS|etiologia posiblemente esus
134198009|_SUG_Etiologia|Indeterminado/ESUS|etiologia posiblemente indeterminado
134198009|_SUG_Etiologia|Indeterminado/ESUS|etiologia probablemente criptogenico
134198009|_SUG_Etiologia|Indeterminado/ESUS|etiologia probablemente esus
134198009|_SUG_Etiologia|Indeterminado/ESUS|etiologia probablemente indeterminado
134198009|_SUG_Etiologia|Indeterminado/ESUS|indeterminado
134198009|_SUG_Etiologia|Indeterminado/ESUS|origen criptogenico
134198009|_SUG_Etiologia|Indeterminado/ESUS|origen esus
134198009|_SUG_Etiologia|Indeterminado/ESUS|origen indeterminado
134198009|_SUG_Etiologia|Indeterminado/ESUS|origen posiblemente criptogenico
134198009|_SUG_Etiologia|Indeterminado/ESUS|origen posiblemente esus
134198009|_SUG_Etiologia|Indeterminado/ESUS|origen posiblemente indeterminado
134198009|_SUG_Etiologia|Indeterminado/ESUS|origen probablemente criptogenico
134198009|_SUG_Etiologia|Indeterminado/ESUS|origen probablemente esus
134198009|_SUG_Etiologia|Indeterminado/ESUS|origen probablemente indeterminado
134198009|_SUG_Etiologia|Indeterminado/ESUS|perfil criptogenico
134198009|_SUG_Etiologia|Indeterminado/ESUS|perfil esus
134198009|_SUG_Etiologia|Indeterminado/ESUS|perfil indeterminado
134198009|_SUG_Etiologia|Indeterminado/ESUS|perfil posiblemente criptogenico
134198009|_SUG_Etiologia|Indeterminado/ESUS|perfil posiblemente esus
134198009|_SUG_Etiologia|Indeterminado/ESUS|perfil posiblemente indeterminado
134198009|_SUG_Etiologia|Indeterminado/ESUS|perfil probablemente criptogenico
134198009|_SUG_Etiologia|Indeterminado/ESUS|perfil probablemente esus
134198009|_SUG_Etiologia|Indeterminado/ESUS|perfil probablemente indeterminado
134198009|_SUG_Etiologia|Inhabitual o infrecuente|causa infrecuente
134198009|_SUG_Etiologia|Inhabitual o infrecuente|causa inhabitual
134198009|_SUG_Etiologia|Inhabitual o infrecuente|causa insual
134198009|_SUG_Etiologia|Inhabitual o infrecuente|causa posiblemente infrecuente
134198009|_SUG_Etiologia|Inhabitual o infrecuente|causa posiblemente inhabitual
134198009|_SUG_Etiologia|Inhabitual o infrecuente|causa posiblemente insual
134198009|_SUG_Etiologia|Inhabitual o infrecuente|causa probablemente infrecuente
134198009|_SUG_Etiologia|Inhabitual o infrecuente|causa probablemente inhabitual
134198009|_SUG_Etiologia|Inhabitual o infrecuente|causa probablemente insual
134198009|_SUG_Etiologia|Inhabitual o infrecuente|de origen infrecuente
134198009|_SUG_Etiologia|Inhabitual o infrecuente|de origen inhabitual
134198009|_SUG_Etiologia|Inhabitual o infrecuente|de origen insual
134198009|_SUG_Etiologia|Inhabitual o infrecuente|de origen posiblemente infrecuente
134198009|_SUG_Etiologia|Inhabitual o infrecuente|de origen posiblemente inhabitual
134198009|_SUG_Etiologia|Inhabitual o infrecuente|de origen posiblemente insual
134198009|_SUG_Etiologia|Inhabitual o infrecuente|de origen probablemente infrecuente
134198009|_SUG_Etiologia|Inhabitual o infrecuente|de origen probablemente inhabitual
134198009|_SUG_Etiologia|Inhabitual o infrecuente|de origen probablemente insual
134198009|_SUG_Etiologia|Inhabitual o infrecuente|etiologia infrecuente
134198009|_SUG_Etiologia|Inhabitual o infrecuente|etiologia inhabitual
134198009|_SUG_Etiologia|Inhabitual o infrecuente|etiologia insual
134198009|_SUG_Etiologia|Inhabitual o infrecuente|etiologia posiblemente infrecuente
134198009|_SUG_Etiologia|Inhabitual o infrecuente|etiologia posiblemente inhabitual
134198009|_SUG_Etiologia|Inhabitual o infrecuente|etiologia posiblemente insual
134198009|_SUG_Etiologia|Inhabitual o infrecuente|etiologia probablemente infrecuente
134198009|_SUG_Etiologia|Inhabitual o infrecuente|etiologia probablemente inhabitual
134198009|_SUG_Etiologia|Inhabitual o infrecuente|etiologia probablemente insual
134198009|_SUG_Etiologia|Inhabitual o infrecuente|infrecuente
134198009|_SUG_Etiologia|Inhabitual o infrecuente|inhabitual
134198009|_SUG_Etiologia|Inhabitual o infrecuente|insual
134198009|_SUG_Etiologia|Inhabitual o infrecuente|origen infrecuente
134198009|_SUG_Etiologia|Inhabitual o infrecuente|origen inhabitual
134198009|_SUG_Etiologia|Inhabitual o infrecuente|origen insual
134198009|_SUG_Etiologia|Inhabitual o infrecuente|origen posiblemente infrecuente
134198009|_SUG_Etiologia|Inhabitual o infrecuente|origen posiblemente inhabitual
134198009|_SUG_Etiologia|Inhabitual o infrecuente|origen posiblemente insual
134198009|_SUG_Etiologia|Inhabitual o infrecuente|origen probablemente infrecuente
134198009|_SUG_Etiologia|Inhabitual o infrecuente|origen probablemente inhabitual
134198009|_SUG_Etiologia|Inhabitual o infrecuente|origen probablemente insual
134198009|_SUG_Etiologia|Inhabitual o infrecuente|perfil infrecuente
134198009|_SUG_Etiologia|Inhabitual o infrecuente|perfil inhabitual
134198009|_SUG_Etiologia|Inhabitual o infrecuente|perfil insual
134198009|_SUG_Etiologia|Inhabitual o infrecuente|perfil posiblemente infrecuente
134198009|_SUG_Etiologia|Inhabitual o infrecuente|perfil posiblemente inhabitual
134198009|_SUG_Etiologia|Inhabitual o infrecuente|perfil posiblemente insual
134198009|_SUG_Etiologia|Inhabitual o infrecuente|perfil probablemente infrecuente
134198009|_SUG_Etiologia|Inhabitual o infrecuente|perfil probablemente inhabitual
134198009|_SUG_Etiologia|Inhabitual o infrecuente|perfil probablemente insual
134198009|_SUG_Etiologia|Lacunar (o microangiopática)|causa lacunar
134198009|_SUG_Etiologia|Lacunar (o microangiopática)|causa microangiopatica
134198009|_SUG_Etiologia|Lacunar (o microangiopática)|causa posiblemente lacunar
134198009|_SUG_Etiologia|Lacunar (o microangiopática)|causa posiblemente microangiopatica
134198009|_SUG_Etiologia|Lacunar (o microangiopática)|causa probablemente lacunar
134198009|_SUG_Etiologia|Lacunar (o microangiopática)|causa probablemente microangiopatica
134198009|_SUG_Etiologia|Lacunar (o microangiopática)|de origen lacunar
134198009|_SUG_Etiologia|Lacunar (o microangiopática)|de origen microangiopatica
134198009|_SUG_Etiologia|Lacunar (o microangiopática)|de origen posiblemente lacunar
134198009|_SUG_Etiologia|Lacunar (o microangiopática)|de origen posiblemente microangiopatica
134198009|_SUG_Etiologia|Lacunar (o microangiopática)|de origen probablemente lacunar
134198009|_SUG_Etiologia|Lacunar (o microangiopática)|de origen probablemente microangiopatica
134198009|_SUG_Etiologia|Lacunar (o microangiopática)|etiologia lacunar
134198009|_SUG_Etiologia|Lacunar (o microangiopática)|etiologia microangiopatica
134198009|_SUG_Etiologia|Lacunar (o microangiopática)|etiologia posiblemente lacunar
134198009|_SUG_Etiologia|Lacunar (o microangiopática)|etiologia posiblemente microangiopatica
134198009|_SUG_Etiologia|Lacunar (o microangiopática)|etiologia probablemente lacunar
134198009|_SUG_Etiologia|Lacunar (o microangiopática)|etiologia probablemente microangiopatica
134198009|_SUG_Etiologia|Lacunar (o microangiopática)|lacunar
134198009|_SUG_Etiologia|Lacunar (o microangiopática)|microangiopatica
134198009|_SUG_Etiologia|Lacunar (o microangiopática)|origen lacunar
134198009|_SUG_Etiologia|Lacunar (o microangiopática)|origen microangiopatica
134198009|_SUG_Etiologia|Lacunar (o microangiopática)|origen posiblemente lacunar
134198009|_SUG_Etiologia|Lacunar (o microangiopática)|origen posiblemente microangiopatica
134198009|_SUG_Etiologia|Lacunar (o microangiopática)|origen probablemente lacunar
134198009|_SUG_Etiologia|Lacunar (o microangiopática)|origen probablemente microangiopatica
134198009|_SUG_Etiologia|Lacunar (o microangiopática)|perfil lacunar
134198009|_SUG_Etiologia|Lacunar (o microangiopática)|perfil microangiopatica
134198009|_SUG_Etiologia|Lacunar (o microangiopática)|perfil posiblemente lacunar
134198009|_SUG_Etiologia|Lacunar (o microangiopática)|perfil posiblemente microangiopatica
134198009|_SUG_Etiologia|Lacunar (o microangiopática)|perfil probablemente lacunar
134198009|_SUG_Etiologia|Lacunar (o microangiopática)|perfil probablemente microangiopatica
134198009|_SUG_Etiologia|Secundaria a malformación vascular/aneurisma|causa cavernoma de circunvolucion
134198009|_SUG_Etiologia|Secundaria a malformación vascular/aneurisma|causa diseccio
134198009|_SUG_Etiologia|Secundaria a malformación vascular/aneurisma|causa malformacion arteriovenosa
134198009|_SUG_Etiologia|Secundaria a malformación vascular/aneurisma|causa posiblemente cavernoma de circunvolucion
134198009|_SUG_Etiologia|Secundaria a malformación vascular/aneurisma|causa posiblemente diseccio
134198009|_SUG_Etiologia|Secundaria a malformación vascular/aneurisma|causa posiblemente malformacion arteriovenosa
134198009|_SUG_Etiologia|Secundaria a malformación vascular/aneurisma|causa posiblemente secundaria a diseccion
134198009|_SUG_Etiologia|Secundaria a malformación vascular/aneurisma|causa posiblemente secundaria a malformacion vascular
134198009|_SUG_Etiologia|Secundaria a malformación vascular/aneurisma|causa probablemente cavernoma de circunvolucion
134198009|_SUG_Etiologia|Secundaria a malformación vascular/aneurisma|causa probablemente diseccio
134198009|_SUG_Etiologia|Secundaria a malformación vascular/aneurisma|causa probablemente malformacion arteriovenosa
134198009|_SUG_Etiologia|Secundaria a malformación vascular/aneurisma|causa probablemente secundaria a diseccion
134198009|_SUG_Etiologia|Secundaria a malformación vascular/aneurisma|causa probablemente secundaria a malformacion vascular
134198009|_SUG_Etiologia|Secundaria a malformación vascular/aneurisma|causa secundaria a diseccion
134198009|_SUG_Etiologia|Secundaria a malformación vascular/aneurisma|causa secundaria a malformacion vascular
134198009|_SUG_Etiologia|Secundaria a malformación vascular/aneurisma|cavernoma de circunvolucion
134198009|_SUG_Etiologia|Secundaria a malformación vascular/aneurisma|de origen cavernoma de circunvolucion
134198009|_SUG_Etiologia|Secundaria a malformación vascular/aneurisma|de origen diseccio
134198009|_SUG_Etiologia|Secundaria a malformación vascular/aneurisma|de origen malformacion arteriovenosa
134198009|_SUG_Etiologia|Secundaria a malformación vascular/aneurisma|de origen posiblemente cavernoma de circunvolucion
134198009|_SUG_Etiologia|Secundaria a malformación vascular/aneurisma|de origen posiblemente diseccio
134198009|_SUG_Etiologia|Secundaria a malformación vascular/aneurisma|de origen posiblemente malformacion arteriovenosa
134198009|_SUG_Etiologia|Secundaria a malformación vascular/aneurisma|de origen posiblemente secundaria a diseccion
134198009|_SUG_Etiologia|Secundaria a malformación vascular/aneurisma|de origen posiblemente secundaria a malformacion vascular
134198009|_SUG_Etiologia|Secundaria a malformación vascular/aneurisma|de origen probablemente cavernoma de circunvolucion
134198009|_SUG_Etiologia|Secundaria a malformación vascular/aneurisma|de origen probablemente diseccio
134198009|_SUG_Etiologia|Secundaria a malformación vascular/aneurisma|de origen probablemente malformacion arteriovenosa
134198009|_SUG_Etiologia|Secundaria a malformación vascular/aneurisma|de origen probablemente secundaria a diseccion
134198009|_SUG_Etiologia|Secundaria a malformación vascular/aneurisma|de origen probablemente secundaria a malformacion vascular
134198009|_SUG_Etiologia|Secundaria a malformación vascular/aneurisma|de origen secundaria a diseccion
134198009|_SUG_Etiologia|Secundaria a malformación vascular/aneurisma|de origen secundaria a malformacion vascular
134198009|_SUG_Etiologia|Secundaria a malformación vascular/aneurisma|diseccio
134198009|_SUG_Etiologia|Secundaria a malformación vascular/aneurisma|etiologia cavernoma de circunvolucion
134198009|_SUG_Etiologia|Secundaria a malformación vascular/aneurisma|etiologia diseccio
134198009|_SUG_Etiologia|Secundaria a malformación vascular/aneurisma|etiologia malformacion arteriovenosa
134198009|_SUG_Etiologia|Secundaria a malformación vascular/aneurisma|etiologia posiblemente cavernoma de circunvolucion
134198009|_SUG_Etiologia|Secundaria a malformación vascular/aneurisma|etiologia posiblemente diseccio
134198009|_SUG_Etiologia|Secundaria a malformación vascular/aneurisma|etiologia posiblemente malformacion arteriovenosa
134198009|_SUG_Etiologia|Secundaria a malformación vascular/aneurisma|etiologia posiblemente secundaria a diseccion
134198009|_SUG_Etiologia|Secundaria a malformación vascular/aneurisma|etiologia posiblemente secundaria a malformacion vascular
134198009|_SUG_Etiologia|Secundaria a malformación vascular/aneurisma|etiologia probablemente cavernoma de circunvolucion
134198009|_SUG_Etiologia|Secundaria a malformación vascular/aneurisma|etiologia probablemente diseccio
134198009|_SUG_Etiologia|Secundaria a malformación vascular/aneurisma|etiologia probablemente malformacion arteriovenosa
134198009|_SUG_Etiologia|Secundaria a malformación vascular/aneurisma|etiologia probablemente secundaria a diseccion
134198009|_SUG_Etiologia|Secundaria a malformación vascular/aneurisma|etiologia probablemente secundaria a malformacion vascular
134198009|_SUG_Etiologia|Secundaria a malformación vascular/aneurisma|etiologia secundaria a diseccion
134198009|_SUG_Etiologia|Secundaria a malformación vascular/aneurisma|etiologia secundaria a malformacion vascular
134198009|_SUG_Etiologia|Secundaria a malformación vascular/aneurisma|malformacion arteriovenosa
134198009|_SUG_Etiologia|Secundaria a malformación vascular/aneurisma|origen cavernoma de circunvolucion
134198009|_SUG_Etiologia|Secundaria a malformación vascular/aneurisma|origen diseccio
134198009|_SUG_Etiologia|Secundaria a malformación vascular/aneurisma|origen malformacion arteriovenosa
134198009|_SUG_Etiologia|Secundaria a malformación vascular/aneurisma|origen posiblemente cavernoma de circunvolucion
134198009|_SUG_Etiologia|Secundaria a malformación vascular/aneurisma|origen posiblemente diseccio
134198009|_SUG_Etiologia|Secundaria a malformación vascular/aneurisma|origen posiblemente malformacion arteriovenosa
134198009|_SUG_Etiologia|Secundaria a malformación vascular/aneurisma|origen posiblemente secundaria a diseccion
134198009|_SUG_Etiologia|Secundaria a malformación vascular/aneurisma|origen posiblemente secundaria a malformacion vascular
134198009|_SUG_Etiologia|Secundaria a malformación vascular/aneurisma|origen probablemente cavernoma de circunvolucion
134198009|_SUG_Etiologia|Secundaria a malformación vascular/aneurisma|origen probablemente diseccio
134198009|_SUG_Etiologia|Secundaria a malformación vascular/aneurisma|origen probablemente malformacion arteriovenosa
134198009|_SUG_Etiologia|Secundaria a malformación vascular/aneurisma|origen probablemente secundaria a diseccion
134198009|_SUG_Etiologia|Secundaria a malformación vascular/aneurisma|origen probablemente secundaria a malformacion vascular
134198009|_SUG_Etiologia|Secundaria a malformación vascular/aneurisma|origen secundaria a diseccion
134198009|_SUG_Etiologia|Secundaria a malformación vascular/aneurisma|origen secundaria a malformacion vascular
134198009|_SUG_Etiologia|Secundaria a malformación vascular/aneurisma|perfil cavernoma de circunvolucion
134198009|_SUG_Etiologia|Secundaria a malformación vascular/aneurisma|perfil diseccio
134198009|_SUG_Etiologia|Secundaria a malformación vascular/aneurisma|perfil malformacion arteriovenosa
134198009|_SUG_Etiologia|Secundaria a malformación vascular/aneurisma|perfil posiblemente cavernoma de circunvolucion
134198009|_SUG_Etiologia|Secundaria a malformación vascular/aneurisma|perfil posiblemente diseccio
134198009|_SUG_Etiologia|Secundaria a malformación vascular/aneurisma|perfil posiblemente malformacion arteriovenosa
134198009|_SUG_Etiologia|Secundaria a malformación vascular/aneurisma|perfil posiblemente secundaria a diseccion
134198009|_SUG_Etiologia|Secundaria a malformación vascular/aneurisma|perfil posiblemente secundaria a malformacion vascular
134198009|_SUG_Etiologia|Secundaria a malformación vascular/aneurisma|perfil probablemente cavernoma de circunvolucion
134198009|_SUG_Etiologia|Secundaria a malformación vascular/aneurisma|perfil probablemente diseccio
134198009|_SUG_Etiologia|Secundaria a malformación vascular/aneurisma|perfil probablemente malformacion arteriovenosa
134198009|_SUG_Etiologia|Secundaria a malformación vascular/aneurisma|perfil probablemente secundaria a diseccion
134198009|_SUG_Etiologia|Secundaria a malformación vascular/aneurisma|perfil probablemente secundaria a malformacion vascular
134198009|_SUG_Etiologia|Secundaria a malformación vascular/aneurisma|perfil secundaria a diseccion
134198009|_SUG_Etiologia|Secundaria a malformación vascular/aneurisma|perfil secundaria a malformacion vascular
134198009|_SUG_Etiologia|Secundaria a malformación vascular/aneurisma|secundaria a diseccion
134198009|_SUG_Etiologia|Secundaria a malformación vascular/aneurisma|secundaria a malformacion vascular
134198009|_SUG_Etiologia|Secundaria a tumor|causa posiblemente secundaria a tumor
134198009|_SUG_Etiologia|Secundaria a tumor|causa probablemente secundaria a tumor
134198009|_SUG_Etiologia|Secundaria a tumor|causa secundaria a tumor
134198009|_SUG_Etiologia|Secundaria a tumor|de origen posiblemente secundaria a tumor
134198009|_SUG_Etiologia|Secundaria a tumor|de origen probablemente secundaria a tumor
134198009|_SUG_Etiologia|Secundaria a tumor|de origen secundaria a tumor
134198009|_SUG_Etiologia|Secundaria a tumor|etiologia posiblemente secundaria a tumor
134198009|_SUG_Etiologia|Secundaria a tumor|etiologia probablemente secundaria a tumor
134198009|_SUG_Etiologia|Secundaria a tumor|etiologia secundaria a tumor
134198009|_SUG_Etiologia|Secundaria a tumor|origen posiblemente secundaria a tumor
134198009|_SUG_Etiologia|Secundaria a tumor|origen probablemente secundaria a tumor
134198009|_SUG_Etiologia|Secundaria a tumor|origen secundaria a tumor
134198009|_SUG_Etiologia|Secundaria a tumor|perfil posiblemente secundaria a tumor
134198009|_SUG_Etiologia|Secundaria a tumor|perfil probablemente secundaria a tumor
134198009|_SUG_Etiologia|Secundaria a tumor|perfil secundaria a tumor
134198009|_SUG_Etiologia|Secundaria a tumor|secundaria a tumor
1386000|_SUG_Hemorragia_cerebral|Hemorragia cerebral|acv hemorragia
1386000|_SUG_Hemorragia_cerebral|Hemorragia cerebral|avc hemorragia
1386000|_SUG_Hemorragia_cerebral|Hemorragia cerebral|hematoma
1386000|_SUG_Hemorragia_cerebral|Hemorragia cerebral|hematoma cerebral
1386000|_SUG_Hemorragia_cerebral|Hemorragia cerebral|hematoma intracraneal
1386000|_SUG_Hemorragia_cerebral|Hemorragia cerebral|hematoma intraparenquimatoso
1386000|_SUG_Hemorragia_cerebral|Hemorragia cerebral|hematoma parenquimatoso
1386000|_SUG_Hemorragia_cerebral|Hemorragia cerebral|hemorragia
1386000|_SUG_Hemorragia_cerebral|Hemorragia cerebral|hemorragia cerebral
1386000|_SUG_Hemorragia_cerebral|Hemorragia cerebral|hemorragia intracerebral
1386000|_SUG_Hemorragia_cerebral|Hemorragia cerebral|hemorragia parenquimatosa
1386000|_SUG_Hemorragia_cerebral|Hemorragia cerebral|hemorragia parenquimatosa cerebral masiva
1386000|_SUG_Hemorragia_cerebral|Hemorragia cerebral|hic
1386000|_SUG_Hemorragia_cerebral|Hemorragia cerebral|ictus hemorragia
422504002|_SUG_Ictus_isquemico|Ictus isquémico|accidente cerebrovascular
422504002|_SUG_Ictus_isquemico|Ictus isquémico|avc
422504002|_SUG_Ictus_isquemico|Ictus isquémico|avc isquemia
422504002|_SUG_Ictus_isquemico|Ictus isquémico|e. cerebrovascular aguda isquemia: infarto
422504002|_SUG_Ictus_isquemico|Ictus isquémico|ecva isquemia
422504002|_SUG_Ictus_isquemico|Ictus isquémico|ecva isquemia: infarto
422504002|_SUG_Ictus_isquemico|Ictus isquémico|ecva isquemia: infarto cerebral
422504002|_SUG_Ictus_isquemico|Ictus isquémico|ecva: infartos isquemicos
422504002|_SUG_Ictus_isquemico|Ictus isquémico|enfermedad cerebrovascular aguda isquemia
422504002|_SUG_Ictus_isquemico|Ictus isquémico|ictus
422504002|_SUG_Ictus_isquemico|Ictus isquémico|ictus isquemia
422504002|_SUG_Ictus_isquemico|Ictus isquémico|ictus isquemia agudo
422504002|_SUG_Ictus_isquemico|Ictus isquémico|ictus isquemia con transformacion hemorragia
422504002|_SUG_Ictus_isquemico|Ictus isquémico|infarto
422504002|_SUG_Ictus_isquemico|Ictus isquémico|infarto agudo
422504002|_SUG_Ictus_isquemico|Ictus isquémico|infarto cerebeloso
422504002|_SUG_Ictus_isquemico|Ictus isquémico|infarto cerebral
422504002|_SUG_Ictus_isquemico|Ictus isquémico|infarto isquemia
422504002|_SUG_Ictus_isquemico|Ictus isquémico|infarto isquemia agudo
422504002|_SUG_Ictus_isquemico|Ictus isquémico|infarto isquemia cerebral
422504002|_SUG_Ictus_isquemico|Ictus isquémico|infarto isquemicos
422504002|_SUG_Ictus_isquemico|Ictus isquémico|isquemia en territorio cortical
422504002|_SUG_Ictus_isquemico|Ictus isquémico|sufusion hemorragia
422504002|_SUG_Ictus_isquemico|Ictus isquémico|transformacion hemorragia
C0000019|_SUG_Lateralizacion|Bilateral|ambas
C0000019|_SUG_Lateralizacion|Bilateral|bihemisferico
C0000019|_SUG_Lateralizacion|Bilateral|bilaterales
C0000019|_SUG_Lateralizacion|Derecha|D
C0000019|_SUG_Lateralizacion|Derecha|dcha
C0000019|_SUG_Lateralizacion|Derecha|dcho
C0000019|_SUG_Lateralizacion|Derecha|derecho
C0000019|_SUG_Lateralizacion|Derecha|dret
C0000019|_SUG_Lateralizacion|Derecha|dreta
C0000019|_SUG_Lateralizacion|Izquierda|E
C0000019|_SUG_Lateralizacion|Izquierda|esq
C0000019|_SUG_Lateralizacion|Izquierda|esq.
C0000019|_SUG_Lateralizacion|Izquierda|esquerre
C0000019|_SUG_Lateralizacion|Izquierda|I
C0000019|_SUG_Lateralizacion|Izquierda|izda
C0000019|_SUG_Lateralizacion|Izquierda|izdo
C0000019|_SUG_Lateralizacion|Izquierda|izq
C0000019|_SUG_Lateralizacion|Izquierda|izquierda
C0000019|_SUG_Lateralizacion|Tronco cerebral|tronco cerebral
246267002|_SUG_Localizacion|Bulbar|bulbar
246267002|_SUG_Localizacion|Cerebelosa|cerebelosa
246267002|_SUG_Localizacion|Cortical|cortical
246267002|_SUG_Localizacion|Frontal|fronto insular
246267002|_SUG_Localizacion|Frontal y occipital|fronto
246267002|_SUG_Localizacion|Frontal y occipital|fronto occipital
246267002|_SUG_Localizacion|Frontal y occipital|fronto y occipital
246267002|_SUG_Localizacion|Frontal y temporal|fronto temporo insular
246267002|_SUG_Localizacion|Indeterminada|indeterminado
246267002|_SUG_Localizacion|Indeterminada|parcial
246267002|_SUG_Localizacion|Indeterminada|territorio indeterminado
246267002|_SUG_Localizacion|Infarto de circulación posterior o POCI|poci
246267002|_SUG_Localizacion|Infarto lacunar o LACI|infarto lacunar
246267002|_SUG_Localizacion|Infarto lacunar o LACI|laci
246267002|_SUG_Localizacion|Infarto lacunar o LACI|lacunar
246267002|_SUG_Localizacion|Infarto parcial de circulación anterior o PACI|infarto parcial de circulacion anterior
246267002|_SUG_Localizacion|Infarto parcial de circulación anterior o PACI|paci
246267002|_SUG_Localizacion|Infarto total de circulación anterior o TACI|infarto total de circulacion anterior
246267002|_SUG_Localizacion|Infarto total de circulación anterior o TACI|taci
246267002|_SUG_Localizacion|Intraventricular|intraventricular
246267002|_SUG_Localizacion|Intraventricular|ventriculos
246267002|_SUG_Localizacion|Lobar|lobar
246267002|_SUG_Localizacion|Occipital|occipital
246267002|_SUG_Localizacion|Parietal|parietal
246267002|_SUG_Localizacion|Parietal y occipital|parietooccipital
246267002|_SUG_Localizacion|Posterior|infarto de circulacion posterior
246267002|_SUG_Localizacion|Posterior|posterior
246267002|_SUG_Localizacion|Posterior|protuberancial
246267002|_SUG_Localizacion|Posterior/tronco/bulbar|basilar
246267002|_SUG_Localizacion|Profunda o ganglios de la base|capsulo talamic
246267002|_SUG_Localizacion|Profunda o ganglios de la base|caudado
246267002|_SUG_Localizacion|Profunda o ganglios de la base|corona radiada
246267002|_SUG_Localizacion|Profunda o ganglios de la base|ganglicapsular
246267002|_SUG_Localizacion|Profunda o ganglios de la base|ganglios basales
246267002|_SUG_Localizacion|Profunda o ganglios de la base|ganglios de la base
246267002|_SUG_Localizacion|Profunda o ganglios de la base|ggbb
246267002|_SUG_Localizacion|Profunda o ganglios de la base|lenticular
246267002|_SUG_Localizacion|Profunda o ganglios de la base|lenticular capsular
246267002|_SUG_Localizacion|Profunda o ganglios de la base|lenticular capsulotalamico
246267002|_SUG_Localizacion|Profunda o ganglios de la base|palido
246267002|_SUG_Localizacion|Profunda o ganglios de la base|profunda
246267002|_SUG_Localizacion|Profunda o ganglios de la base|profundes
246267002|_SUG_Localizacion|Profunda o ganglios de la base|putamen
246267002|_SUG_Localizacion|Profunda o ganglios de la base|putaminal
246267002|_SUG_Localizacion|Profunda o ganglios de la base|talamica
246267002|_SUG_Localizacion|Profunda o ganglios de la base|talamo
246267002|_SUG_Localizacion|Profunda o ganglios de la base|talamo capuslar
246267002|_SUG_Localizacion|Subcortical|subcorticals
246267002|_SUG_Localizacion|Temporal|emporo insular
246267002|_SUG_Localizacion|Temporal|temporal
246267002|_SUG_Localizacion|Temporal y profunda|temporal basal
246267002|_SUG_Localizacion|Troncal|tronco
273729003|_SUG_mRankin|mRankin|escala de rankin modificada 0
273729003|_SUG_mRankin|mRankin|mrankin 0
273729003|_SUG_mRankin|mRankin|mrankinscale 0
273729003|_SUG_mRankin|mRankin|mrs 0
273729003|_SUG_mRankin|mRankin|rankin 0
450741005|_SUG_NIHSS|NIHSS|0 en la escala nihss
450741005|_SUG_NIHSS|NIHSS|escala nihss 0
450741005|_SUG_NIHSS|NIHSS|escala nihss es de 0 puntos
450741005|_SUG_NIHSS|NIHSS|nhiss 0
450741005|_SUG_NIHSS|NIHSS|nih 0
450741005|_SUG_NIHSS|NIHSS|nihaa 0
450741005|_SUG_NIHSS|NIHSS|nihss 0
450741005|_SUG_NIHSS|NIHSS|nishss 0
450741005|_SUG_NIHSS|NIHSS|nissh 0
450741005|_SUG_NIHSS|NIHSS|puntuacion total nih:0
C0000025|_SUG_Puerta_aguja|Tiempo puerta-aguja|puerta aguja
C0000024|_SUG_Recanalizacion|Recanalización|recanalizacion
34227000|_SUG_TAC_craneal|Angiotomografía computarizada|tc arterias cerebrales
34227000|_SUG_TAC_craneal|TAC|tac
34227000|_SUG_TAC_craneal|TAC|tc
34227000|_SUG_TAC_craneal|Tac craneal|tac - craneal
34227000|_SUG_TAC_craneal|Tac craneal|tac cerebral
34227000|_SUG_TAC_craneal|Tac craneal|tac cerebro
34227000|_SUG_TAC_craneal|Tac craneal|tac craneal
34227000|_SUG_TAC_craneal|Tac craneal|tac craneo
34227000|_SUG_TAC_craneal|Tac craneal|tac crani
34227000|_SUG_TAC_craneal|Tac craneal|tac crani al
34227000|_SUG_TAC_craneal|Tac craneal|tac cranial
34227000|_SUG_TAC_craneal|Tac craneal|tac de cap
34227000|_SUG_TAC_craneal|Tac craneal|tac de craneo
34227000|_SUG_TAC_craneal|Tac craneal|tacs craneales
34227000|_SUG_TAC_craneal|Tac craneal|tc - craneal
34227000|_SUG_TAC_craneal|Tac craneal|tc cerebral
34227000|_SUG_TAC_craneal|Tac craneal|tc cerebro
34227000|_SUG_TAC_craneal|Tac craneal|tc craneal
34227000|_SUG_TAC_craneal|Tac craneal|tc crani
34227000|_SUG_TAC_craneal|Tac craneal|tc crani al
34227000|_SUG_TAC_craneal|Tac craneal|tc cranial
34227000|_SUG_TAC_craneal|Tac craneal|tc de cap
34227000|_SUG_TAC_craneal|Tac craneal|tc de craneo
34227000|_SUG_TAC_craneal|Tac craneal|tomografia axial computeritzada de cap
34227000|_SUG_TAC_craneal|Tac craneal|tomografia de cap
34227000|_SUG_TAC_craneal|TAC-perfusión|tac perfusion cerebral
34227000|_SUG_TAC_craneal|TAC-perfusión|tac perfusioncerebral
34227000|_SUG_TAC_craneal|TAC-perfusión|tc perfusion cerebral
34227000|_SUG_TAC_craneal|TAC-perfusión|tc perfusioncerebral
C0000008|_SUG_Test_de_disfagia|Test de disfagia|prueba de disfagia
C0000007|_SUG_Test_de_disfagia|Test de disfagia|test de deglucion
C0000007|_SUG_Test_de_disfagia|Test de disfagia|test de disfagia
C0000007|_SUG_Test_de_disfagia|Test de disfagia|test deglucion
C0000007|_SUG_Test_de_disfagia|Test de disfagia|test mecv-v
108972005|_SUG_Tratamiento_antiagregante|Tratamiento antiagregante|a.a.s.
108972005|_SUG_Tratamiento_antiagregante|Tratamiento antiagregante|aas
108972005|_SUG_Tratamiento_antiagregante|Tratamiento antiagregante|abciximab
108972005|_SUG_Tratamiento_antiagregante|Tratamiento antiagregante|ac acetilsalicilico
108972005|_SUG_Tratamiento_antiagregante|Tratamiento antiagregante|acetil salicilic,acid
108972005|_SUG_Tratamiento_antiagregante|Tratamiento antiagregante|acetilsalicilico
108972005|_SUG_Tratamiento_antiagregante|Tratamiento antiagregante|acetilsalicilico acido
108972005|_SUG_Tratamiento_antiagregante|Tratamiento antiagregante|acetylsalicylic acid
108972005|_SUG_Tratamiento_antiagregante|Tratamiento antiagregante|acetylsalicylic acid, combinations with proton pump inhibitors
108972005|_SUG_Tratamiento_antiagregante|Tratamiento antiagregante|acido acetilsalicilico
108972005|_SUG_Tratamiento_antiagregante|Tratamiento antiagregante|adiro
108972005|_SUG_Tratamiento_antiagregante|Tratamiento antiagregante|agrastat
108972005|_SUG_Tratamiento_antiagregante|Tratamiento antiagregante|aspirina
108972005|_SUG_Tratamiento_antiagregante|Tratamiento antiagregante|brilique
108972005|_SUG_Tratamiento_antiagregante|Tratamiento antiagregante|cangrelor
108972005|_SUG_Tratamiento_antiagregante|Tratamiento antiagregante|cilostazol
108972005|_SUG_Tratamiento_antiagregante|Tratamiento antiagregante|clopidogrel
108972005|_SUG_Tratamiento_antiagregante|Tratamiento antiagregante|combinations
108972005|_SUG_Tratamiento_antiagregante|Tratamiento antiagregante|dipyridamole
108972005|_SUG_Tratamiento_antiagregante|Tratamiento antiagregante|disgren
108972005|_SUG_Tratamiento_antiagregante|Tratamiento antiagregante|duoplavin
108972005|_SUG_Tratamiento_antiagregante|Tratamiento antiagregante|ekistol
108972005|_SUG_Tratamiento_antiagregante|Tratamiento antiagregante|hepraina
108972005|_SUG_Tratamiento_antiagregante|Tratamiento antiagregante|persantin
108972005|_SUG_Tratamiento_antiagregante|Tratamiento antiagregante|plavix
108972005|_SUG_Tratamiento_antiagregante|Tratamiento antiagregante|pletal
108972005|_SUG_Tratamiento_antiagregante|Tratamiento antiagregante|prasugler
108972005|_SUG_Tratamiento_antiagregante|Tratamiento antiagregante|reopro
108972005|_SUG_Tratamiento_antiagregante|Tratamiento antiagregante|ticagrelor
108972005|_SUG_Tratamiento_antiagregante|Tratamiento antiagregante|ticlopidine
108972005|_SUG_Tratamiento_antiagregante|Tratamiento antiagregante|tiklid
108972005|_SUG_Tratamiento_antiagregante|Tratamiento antiagregante|tirofiban
108972005|_SUG_Tratamiento_antiagregante|Tratamiento antiagregante|triflusal
108972005|_SUG_Tratamiento_antiagregante|Tratamiento antiagregante|tromalyt
108972005|_SUG_Tratamiento_antiagregante|Tratamiento antiagregante|vatoud
81839001|_SUG_Tratamiento_anticoagulante|Tratamiento anticoagulante|acenocumarol
81839001|_SUG_Tratamiento_anticoagulante|Tratamiento anticoagulante|aldocumar
81839001|_SUG_Tratamiento_anticoagulante|Tratamiento anticoagulante|apixaban
81839001|_SUG_Tratamiento_anticoagulante|Tratamiento anticoagulante|bemiparin
81839001|_SUG_Tratamiento_anticoagulante|Tratamiento anticoagulante|clexane
81839001|_SUG_Tratamiento_anticoagulante|Tratamiento anticoagulante|dabigatran
81839001|_SUG_Tratamiento_anticoagulante|Tratamiento anticoagulante|dabigatran etexilate
81839001|_SUG_Tratamiento_anticoagulante|Tratamiento anticoagulante|dalteparin
81839001|_SUG_Tratamiento_anticoagulante|Tratamiento anticoagulante|edoxaban
81839001|_SUG_Tratamiento_anticoagulante|Tratamiento anticoagulante|eliquis
81839001|_SUG_Tratamiento_anticoagulante|Tratamiento anticoagulante|enoxaparin
81839001|_SUG_Tratamiento_anticoagulante|Tratamiento anticoagulante|fragmin
81839001|_SUG_Tratamiento_anticoagulante|Tratamiento anticoagulante|fraxiparina
81839001|_SUG_Tratamiento_anticoagulante|Tratamiento anticoagulante|hbpm
81839001|_SUG_Tratamiento_anticoagulante|Tratamiento anticoagulante|heparin
81839001|_SUG_Tratamiento_anticoagulante|Tratamiento anticoagulante|heparina
81839001|_SUG_Tratamiento_anticoagulante|Tratamiento anticoagulante|hibor
81839001|_SUG_Tratamiento_anticoagulante|Tratamiento anticoagulante|innohep
81839001|_SUG_Tratamiento_anticoagulante|Tratamiento anticoagulante|lixiana
81839001|_SUG_Tratamiento_anticoagulante|Tratamiento anticoagulante|nadroparin
81839001|_SUG_Tratamiento_anticoagulante|Tratamiento anticoagulante|parnaparin
81839001|_SUG_Tratamiento_anticoagulante|Tratamiento anticoagulante|pradaxa
81839001|_SUG_Tratamiento_anticoagulante|Tratamiento anticoagulante|reviparin
81839001|_SUG_Tratamiento_anticoagulante|Tratamiento anticoagulante|rivaroxaban
81839001|_SUG_Tratamiento_anticoagulante|Tratamiento anticoagulante|sintrom
81839001|_SUG_Tratamiento_anticoagulante|Tratamiento anticoagulante|warfarin
81839001|_SUG_Tratamiento_anticoagulante|Tratamiento anticoagulante|xarelto
433112001|_SUG_Trombectomia_mecanica|trombectomía mecánica|angioradiologia intervencionista
433112001|_SUG_Trombectomia_mecanica|trombectomía mecánica|arteriografia trombectomia
433112001|_SUG_Trombectomia_mecanica|trombectomía mecánica|embolectomia mecánica
433112001|_SUG_Trombectomia_mecanica|trombectomía mecánica|procedimiento de revascularizacion
433112001|_SUG_Trombectomia_mecanica|trombectomía mecánica|reperfusion intraateria
433112001|_SUG_Trombectomia_mecanica|trombectomía mecánica|rescate endovascular
433112001|_SUG_Trombectomia_mecanica|trombectomía mecánica|rescate intraarterial
433112001|_SUG_Trombectomia_mecanica|trombectomía mecánica|terapia de reperfusion
433112001|_SUG_Trombectomia_mecanica|trombectomía mecánica|terapia de rescate
433112001|_SUG_Trombectomia_mecanica|trombectomía mecánica|terapia endovascular
433112001|_SUG_Trombectomia_mecanica|trombectomía mecánica|terapia endovascular (trombectomia mecanica)
433112001|_SUG_Trombectomia_mecanica|trombectomía mecánica|tev
433112001|_SUG_Trombectomia_mecanica|trombectomía mecánica|tev (trombectomia mecanica)
433112001|_SUG_Trombectomia_mecanica|trombectomía mecánica|tev mecanica
433112001|_SUG_Trombectomia_mecanica|trombectomía mecánica|tractament intraarterial
433112001|_SUG_Trombectomia_mecanica|trombectomía mecánica|tractament mecanic endovascular
433112001|_SUG_Trombectomia_mecanica|trombectomía mecánica|tractament neurovascular
433112001|_SUG_Trombectomia_mecanica|trombectomía mecánica|tratamiento agudo mecanico
433112001|_SUG_Trombectomia_mecanica|trombectomía mecánica|tratamiento de reperfusion
433112001|_SUG_Trombectomia_mecanica|trombectomía mecánica|tratamiento de reperfusion intrarterial
433112001|_SUG_Trombectomia_mecanica|trombectomía mecánica|tratamiento de reperfusionmediante trombectomia mecanica
433112001|_SUG_Trombectomia_mecanica|trombectomía mecánica|tratamiento de repermeabilizacion
433112001|_SUG_Trombectomia_mecanica|trombectomía mecánica|tratamiento de rescate
433112001|_SUG_Trombectomia_mecanica|trombectomía mecánica|tratamiento de revascularizacion
433112001|_SUG_Trombectomia_mecanica|trombectomía mecánica|tratamiento de revascularización intraarterial
433112001|_SUG_Trombectomia_mecanica|trombectomía mecánica|tratamiento endovascular
433112001|_SUG_Trombectomia_mecanica|trombectomía mecánica|tratamiento endovascular mediante trombectomia mecnica
433112001|_SUG_Trombectomia_mecanica|trombectomía mecánica|tratamiento intraarterial
433112001|_SUG_Trombectomia_mecanica|trombectomía mecánica|tratamiento intraarterial primario
433112001|_SUG_Trombectomia_mecanica|trombectomía mecánica|tratamiento mecanico del ictus
433112001|_SUG_Trombectomia_mecanica|trombectomía mecánica|tratamiento neurointervencionista
433112001|_SUG_Trombectomia_mecanica|trombectomía mecánica|tratamiento recanalizador
433112001|_SUG_Trombectomia_mecanica|trombectomía mecánica|tratamiento recanalizador endovenoso
433112001|_SUG_Trombectomia_mecanica|trombectomía mecánica|tratamiento reperfusion
433112001|_SUG_Trombectomia_mecanica|trombectomía mecánica|tratamiento rescate endovascular
433112001|_SUG_Trombectomia_mecanica|trombectomía mecánica|tratamiento revascularizador
433112001|_SUG_Trombectomia_mecanica|trombectomía mecánica|trombectomia
433112001|_SUG_Trombectomia_mecanica|trombectomía mecánica|trombectomia cerebrala
433112001|_SUG_Trombectomia_mecanica|trombectomía mecánica|trombectomia endovascular
433112001|_SUG_Trombectomia_mecanica|trombectomía mecánica|trombectomia endovenosa
433112001|_SUG_Trombectomia_mecanica|trombectomía mecánica|trombectomía extra e intracraneal mecánica
433112001|_SUG_Trombectomia_mecanica|trombectomía mecánica|trombectomia intra i extra craneal mecanica
433112001|_SUG_Trombectomia_mecanica|trombectomía mecánica|trombectomia intra y extracranea
433112001|_SUG_Trombectomia_mecanica|trombectomía mecánica|trombectomia intracraneal
433112001|_SUG_Trombectomia_mecanica|trombectomía mecánica|trombectomia intracraneal mecanica
433112001|_SUG_Trombectomia_mecanica|trombectomía mecánica|trombectomia mecanica
433112001|_SUG_Trombectomia_mecanica|trombectomía mecánica|trombectomia mecanica endovascular
433112001|_SUG_Trombectomia_mecanica|trombectomía mecánica|trombectomia mecanica primaria
433112001|_SUG_Trombectomia_mecanica|trombectomía mecánica|trombectomia trombectomiamecanica
433112001|_SUG_Trombectomia_mecanica|trombectomía mecánica|trombectomiacerebrala
433112001|_SUG_Trombectomia_mecanica|trombectomía mecánica|trombectomiamecanica
433112001|_SUG_Trombectomia_mecanica|trombectomía mecánica|tto endovascular
C0000006|_SUG_Trombolisis_intraarterial|trombólisis intraarterial|trombolisis ia
C0000006|_SUG_Trombolisis_intraarterial|trombólisis intraarterial|trombolisis intraarterial
472191000119101|_SUG_Trombolisis_intravenosa|Trombólisis intravenosa|actylise
472191000119101|_SUG_Trombolisis_intravenosa|Trombólisis intravenosa|ecas iv
472191000119101|_SUG_Trombolisis_intravenosa|Trombólisis intravenosa|fibrinolisi amb rtpa ev
472191000119101|_SUG_Trombolisis_intravenosa|Trombólisis intravenosa|fibrinolisis
472191000119101|_SUG_Trombolisis_intravenosa|Trombólisis intravenosa|fibrinolisis con alteplase
472191000119101|_SUG_Trombolisis_intravenosa|Trombólisis intravenosa|fibrinolisis con r-tpa
472191000119101|_SUG_Trombolisis_intravenosa|Trombólisis intravenosa|fibrinolisis con rtpa
472191000119101|_SUG_Trombolisis_intravenosa|Trombólisis intravenosa|fibrinolisis con rtpa endovenoso
472191000119101|_SUG_Trombolisis_intravenosa|Trombólisis intravenosa|fibrinolisis con rtpa intravenosa
472191000119101|_SUG_Trombolisis_intravenosa|Trombólisis intravenosa|fibrinolisis endovenosa
472191000119101|_SUG_Trombolisis_intravenosa|Trombólisis intravenosa|fibrinolisis endovenosa con rtpa
472191000119101|_SUG_Trombolisis_intravenosa|Trombólisis intravenosa|fibrinolisis endovenosa rtpa
472191000119101|_SUG_Trombolisis_intravenosa|Trombólisis intravenosa|fibrinolisis ev con rtpa
472191000119101|_SUG_Trombolisis_intravenosa|Trombólisis intravenosa|fibrinolisis iv
472191000119101|_SUG_Trombolisis_intravenosa|Trombólisis intravenosa|fibrinolisis rtpa
472191000119101|_SUG_Trombolisis_intravenosa|Trombólisis intravenosa|fibrinolisis sistemica con rtpa ev
472191000119101|_SUG_Trombolisis_intravenosa|Trombólisis intravenosa|fibrinolitico
472191000119101|_SUG_Trombolisis_intravenosa|Trombólisis intravenosa|fibrinolitico amb rtpa
472191000119101|_SUG_Trombolisis_intravenosa|Trombólisis intravenosa|fibrinolitico con rtpa
472191000119101|_SUG_Trombolisis_intravenosa|Trombólisis intravenosa|fibrinolizado
472191000119101|_SUG_Trombolisis_intravenosa|Trombólisis intravenosa|procedimiento de revascularizacion
472191000119101|_SUG_Trombolisis_intravenosa|Trombólisis intravenosa|rtpa
472191000119101|_SUG_Trombolisis_intravenosa|Trombólisis intravenosa|rtpa ev
472191000119101|_SUG_Trombolisis_intravenosa|Trombólisis intravenosa|rtpaev
472191000119101|_SUG_Trombolisis_intravenosa|Trombólisis intravenosa|tecneplasa
472191000119101|_SUG_Trombolisis_intravenosa|Trombólisis intravenosa|terapia de reperfusion
472191000119101|_SUG_Trombolisis_intravenosa|Trombólisis intravenosa|terapia de rescate
472191000119101|_SUG_Trombolisis_intravenosa|Trombólisis intravenosa|tnk
472191000119101|_SUG_Trombolisis_intravenosa|Trombólisis intravenosa|tpa
472191000119101|_SUG_Trombolisis_intravenosa|Trombólisis intravenosa|tpa ev
472191000119101|_SUG_Trombolisis_intravenosa|Trombólisis intravenosa|tractament amb rtpa
472191000119101|_SUG_Trombolisis_intravenosa|Trombólisis intravenosa|tractament amb rtpa endovenos
472191000119101|_SUG_Trombolisis_intravenosa|Trombólisis intravenosa|tractament endovenós
472191000119101|_SUG_Trombolisis_intravenosa|Trombólisis intravenosa|tractament fibrinolític ev
472191000119101|_SUG_Trombolisis_intravenosa|Trombólisis intravenosa|tractament fibrinolitico
472191000119101|_SUG_Trombolisis_intravenosa|Trombólisis intravenosa|tractament fibrinolítico
472191000119101|_SUG_Trombolisis_intravenosa|Trombólisis intravenosa|tractament fibrinolitico endovenos amb rtpa
472191000119101|_SUG_Trombolisis_intravenosa|Trombólisis intravenosa|tractament rpta ev
472191000119101|_SUG_Trombolisis_intravenosa|Trombólisis intravenosa|tractat amb firbinolisi
472191000119101|_SUG_Trombolisis_intravenosa|Trombólisis intravenosa|tratamiento con alteplasa
472191000119101|_SUG_Trombolisis_intravenosa|Trombólisis intravenosa|tratamiento con fibrinolisis ev
472191000119101|_SUG_Trombolisis_intravenosa|Trombólisis intravenosa|tratamiento con rt-pa intravenoso
472191000119101|_SUG_Trombolisis_intravenosa|Trombólisis intravenosa|tratamiento con rtpa
472191000119101|_SUG_Trombolisis_intravenosa|Trombólisis intravenosa|tratamiento con rtpa ev
472191000119101|_SUG_Trombolisis_intravenosa|Trombólisis intravenosa|tratamiento de repefusion cerebral con r-tpa
472191000119101|_SUG_Trombolisis_intravenosa|Trombólisis intravenosa|tratamiento de reperfusion
472191000119101|_SUG_Trombolisis_intravenosa|Trombólisis intravenosa|tratamiento de reperfusion aguda mendiante fibrinolisis ev
472191000119101|_SUG_Trombolisis_intravenosa|Trombólisis intravenosa|tratamiento de reperfusion con fibrinolisis
472191000119101|_SUG_Trombolisis_intravenosa|Trombólisis intravenosa|tratamiento de reperfusion con fibrinolisis ev
472191000119101|_SUG_Trombolisis_intravenosa|Trombólisis intravenosa|tratamiento de reperfusion con rtpa
472191000119101|_SUG_Trombolisis_intravenosa|Trombólisis intravenosa|tratamiento de reperfusión de rpta endovenoso
472191000119101|_SUG_Trombolisis_intravenosa|Trombólisis intravenosa|tratamiento de reperfusión en fase aguda con rtpa
472191000119101|_SUG_Trombolisis_intravenosa|Trombólisis intravenosa|tratamiento de reperfusion ev
472191000119101|_SUG_Trombolisis_intravenosa|Trombólisis intravenosa|tratamiento de repermeabilizacion
472191000119101|_SUG_Trombolisis_intravenosa|Trombólisis intravenosa|tratamiento de revascularizacion
472191000119101|_SUG_Trombolisis_intravenosa|Trombólisis intravenosa|tratamiento endovenoso
472191000119101|_SUG_Trombolisis_intravenosa|Trombólisis intravenosa|tratamiento fibrinolitico
472191000119101|_SUG_Trombolisis_intravenosa|Trombólisis intravenosa|tratamiento fibrinolitico con alteplase
472191000119101|_SUG_Trombolisis_intravenosa|Trombólisis intravenosa|tratamiento fibrinolitico con rtpa
472191000119101|_SUG_Trombolisis_intravenosa|Trombólisis intravenosa|tratamiento fibrinolitico con rtpa endovenosa
472191000119101|_SUG_Trombolisis_intravenosa|Trombólisis intravenosa|tratamiento fibrinolitico con rtpa ev
472191000119101|_SUG_Trombolisis_intravenosa|Trombólisis intravenosa|tratamiento fibrinolitico endovenoso
472191000119101|_SUG_Trombolisis_intravenosa|Trombólisis intravenosa|tratamiento fibrinolitico ev con rtpa
472191000119101|_SUG_Trombolisis_intravenosa|Trombólisis intravenosa|tratamiento fibrinolitico rtpa
472191000119101|_SUG_Trombolisis_intravenosa|Trombólisis intravenosa|tratamiento fibrinolotico iv
472191000119101|_SUG_Trombolisis_intravenosa|Trombólisis intravenosa|tratamiento recanalizador
472191000119101|_SUG_Trombolisis_intravenosa|Trombólisis intravenosa|tratamiento recanalizador con fibrinolisis iv
472191000119101|_SUG_Trombolisis_intravenosa|Trombólisis intravenosa|tratamiento recanalizador endovenoso
472191000119101|_SUG_Trombolisis_intravenosa|Trombólisis intravenosa|tratamiento reperfusion
472191000119101|_SUG_Trombolisis_intravenosa|Trombólisis intravenosa|tratamiento reperfusor con fibrinolítico endovenoso
472191000119101|_SUG_Trombolisis_intravenosa|Trombólisis intravenosa|tratamiento reperfusor endovenoso
472191000119101|_SUG_Trombolisis_intravenosa|Trombólisis intravenosa|tratamiento revascularizador
472191000119101|_SUG_Trombolisis_intravenosa|Trombólisis intravenosa|tratamiento trombolitico
472191000119101|_SUG_Trombolisis_intravenosa|Trombólisis intravenosa|tratamiento trombolitico con rtpa
472191000119101|_SUG_Trombolisis_intravenosa|Trombólisis intravenosa|tratamiento trombolitico con tpa endovenoso
472191000119101|_SUG_Trombolisis_intravenosa|Trombólisis intravenosa|tratamiento trombolitico intravenoso
472191000119101|_SUG_Trombolisis_intravenosa|Trombólisis intravenosa|tratamiento trombolitico intravenoso con rtpa
472191000119101|_SUG_Trombolisis_intravenosa|Trombólisis intravenosa|tratamiento trombolitico rtpa
472191000119101|_SUG_Trombolisis_intravenosa|Trombólisis intravenosa|trombolisado
472191000119101|_SUG_Trombolisis_intravenosa|Trombólisis intravenosa|trombolisis
472191000119101|_SUG_Trombolisis_intravenosa|Trombólisis intravenosa|trombolisis cerebral
472191000119101|_SUG_Trombolisis_intravenosa|Trombólisis intravenosa|trombolisis endovenosa
472191000119101|_SUG_Trombolisis_intravenosa|Trombólisis intravenosa|trombolisis ev
472191000119101|_SUG_Trombolisis_intravenosa|Trombólisis intravenosa|trombolisis intravenosa
472191000119101|_SUG_Trombolisis_intravenosa|Trombólisis intravenosa|trombolisis sistemica endovenosa
472191000119101|_SUG_Trombolisis_intravenosa|Trombólisis intravenosa|trombolisisendovenosa con rtpa
472191000119101|_SUG_Trombolisis_intravenosa|Trombólisis intravenosa|tto trombolitico con rtpa
